Location,Lat,Long,22/1/20,23/1/20,24/1/20,25/1/20,26/1/20,27/1/20,28/1/20,29/1/20,30/1/20,31/1/20,1/2/20,2/2/20,3/2/20,4/2/20,5/2/20,6/2/20,7/2/20,8/2/20,9/2/20,10/2/20,11/2/20,12/2/20,13/2/20,14/2/20,15/2/20,16/2/20,17/2/20,18/2/20,19/2/20,20/2/20,21/2/20,22/2/20,23/2/20,24/2/20,25/2/20,26/2/20,27/2/20,28/2/20,29/2/20,1/3/20,2/3/20,3/3/20,4/3/20,5/3/20,6/3/20,7/3/20,8/3/20,9/3/20,10/3/20,11/3/20,12/3/20,13/3/20,14/3/20,15/3/20,16/3/20,17/3/20,18/3/20,19/3/20,20/3/20,21/3/20,22/3/20,23/3/20,24/3/20,25/3/20,26/3/20,27/3/20,28/3/20,29/3/20,30/3/20,31/3/20,1/4/20,2/4/20,3/4/20,4/4/20,5/4/20,6/4/20,7/4/20,8/4/20,9/4/20,10/4/20,11/4/20,12/4/20,13/4/20,14/4/20,15/4/20,16/4/20,17/4/20,18/4/20,19/4/20,20/4/20,21/4/20,22/4/20,23/4/20,24/4/20,25/4/20,26/4/20,27/4/20,28/4/20,29/4/20,30/4/20,1/5/20,2/5/20,3/5/20,4/5/20,5/5/20,6/5/20,7/5/20,8/5/20,9/5/20,10/5/20,11/5/20,12/5/20,13/5/20,14/5/20,15/5/20,16/5/20,17/5/20,18/5/20,19/5/20,20/5/20,21/5/20,22/5/20,23/5/20,24/5/20,25/5/20,26/5/20,27/5/20,28/5/20,29/5/20,30/5/20,31/5/20,1/6/20,2/6/20,3/6/20,4/6/20,5/6/20,6/6/20,7/6/20,8/6/20,9/6/20,10/6/20,11/6/20,12/6/20,13/6/20,14/6/20,15/6/20,16/6/20,17/6/20,18/6/20,19/6/20,20/6/20,21/6/20,22/6/20,23/6/20,24/6/20,25/6/20,26/6/20,27/6/20,28/6/20,29/6/20,30/6/20,1/7/20,2/7/20,3/7/20,4/7/20,5/7/20,6/7/20,7/7/20,8/7/20,9/7/20,10/7/20,11/7/20,12/7/20,13/7/20,14/7/20,15/7/20,16/7/20,17/7/20,18/7/20,19/7/20,20/7/20,21/7/20,22/7/20,23/7/20,24/7/20,25/7/20,26/7/20,27/7/20,28/7/20,29/7/20,30/7/20,31/7/20,1/8/20,2/8/20,3/8/20,4/8/20,5/8/20,6/8/20,7/8/20,8/8/20,9/8/20,10/8/20,11/8/20,12/8/20,13/8/20,14/8/20,15/8/20,16/8/20,17/8/20,18/8/20,19/8/20,20/8/20,21/8/20,22/8/20,23/8/20,24/8/20,25/8/20,26/8/20,27/8/20,28/8/20,29/8/20,30/8/20,31/8/20,1/9/20,2/9/20,3/9/20,4/9/20,5/9/20,6/9/20,7/9/20,8/9/20,9/9/20,10/9/20,11/9/20,12/9/20,13/9/20,14/9/20,15/9/20,16/9/20,17/9/20,18/9/20,19/9/20,20/9/20,21/9/20,22/9/20,23/9/20,24/9/20,25/9/20,26/9/20,27/9/20,28/9/20,29/9/20,30/9/20,1/10/20,2/10/20,3/10/20,4/10/20,5/10/20,6/10/20,7/10/20,8/10/20,9/10/20,10/10/20,11/10/20,12/10/20,13/10/20,14/10/20
Alabama,32.88428035358209,-86.71012237686571,0,0,0,0,0,0,0,0,0,0,0,0,0,0,0,0,0,0,0,0,0,0,0,0,0,0,0,0,0,0,0,0,0,0,0,0,0,0,0,0,0,0,0,0,0,0,0,0,0,0,0,2,6,11,29,39,51,78,106,131,157,196,242,381,517,587,694,825,899,987,1060,1233,1495,1614,1765,1952,2169,2328,2703,2947,3217,3563,3734,3953,4075,4345,4571,4712,4888,5079,5317,5593,5832,6026,6026,6421,6539,6750,6912,7088,7294,7611,7888,8112,8437,8691,9046,9385,9668,9889,10164,10464,10700,11101,11373,11674,11771,12086,12376,13052,13288,13670,14117,14478,14986,15650,16032,16530,17031,17359,17952,18246,18474,18554,18766,19073,19709,20166,20590,21071,21626,22474,23333,24221,25235,25892,26524,26914,27796,28583,29126,29598,30031,30670,31624,32753,33717,34605,34964,36682,37536,38442,39604,41362,42359,43450,44375,45263,46424,48588,49892,51294,52908,54768,56441,58225,60158,62111,64180,65865,67711,69075,70413,72696,74365,76314,77351,79129,80309,81572,83495,85278,86780,88811,89927,90890,91776,93402,94827,96613,97735,99390,99926,100801,101496,102196,103357,104079,104595,105815,106784,107483,108666,109566,110094,110769,110954,112126,112794,113723,115284,116456,117152,118134,118220,118601,119289,120327,120815,121474,121879,122580,123267,124097,124823,125795,126299,126813,141087,141757,142863,144164,144962,145780,146584,147153,148206,150658,151591,152321,152983,153554,154701,155744,156698,158380,159169,159713,160477,161418,161975,163465,164526,165342,166076,167193,167977
Alaska,60.24750915137932,-148.0369065862069,0,0,0,0,0,0,0,0,0,0,0,0,0,0,0,0,0,0,0,0,0,0,0,0,0,0,0,0,0,0,0,0,0,0,0,0,0,0,0,0,0,0,0,0,0,0,0,0,0,0,0,0,1,1,1,3,5,8,11,13,18,30,34,41,56,58,85,102,114,119,132,143,157,171,185,190,213,225,235,246,257,272,277,285,293,300,309,314,319,321,329,335,337,339,339,340,345,351,355,355,364,365,368,370,371,372,374,377,378,379,379,379,379,379,387,387,387,387,399,401,401,403,407,407,408,410,411,424,429,433,459,466,486,504,512,523,535,543,562,572,592,609,624,653,660,663,675,695,707,720,741,752,758,760,789,813,833,851,880,901,937,975,1014,1060,1107,1134,1162,1180,1222,1268,1323,1385,1479,1539,1579,1631,1693,1734,1796,1875,1950,2042,2131,2193,2249,2339,2525,2623,2730,2798,2879,2990,3136,3280,3341,3394,3448,3483,3536,3613,3711,3774,3819,3879,3961,4071,4155,4258,4308,4370,4437,4519,4587,4676,4740,4808,4841,4893,4971,5088,5180,5225,5262,5295,5361,5463,5583,5676,5759,5792,5827,5890,6011,6103,6206,6267,6341,6382,6431,6536,6643,6728,6821,6891,6935,6987,7115,7236,7348,7461,7577,7702,7805,7929,8054,8196,8384,8592,8731,8857,8984,9161,9410,9664,9855,10006,10148
American Samoa,-14.271,-170.132,0,0,0,0,0,0,0,0,0,0,0,0,0,0,0,0,0,0,0,0,0,0,0,0,0,0,0,0,0,0,0,0,0,0,0,0,0,0,0,0,0,0,0,0,0,0,0,0,0,0,0,0,0,0,0,0,0,0,0,0,0,0,0,0,0,0,0,0,0,0,0,0,0,0,0,0,0,0,0,0,0,0,0,0,0,0,0,0,0,0,0,0,0,0,0,0,0,0,0,0,0,0,0,0,0,0,0,0,0,0,0,0,0,0,0,0,0,0,0,0,0,0,0,0,0,0,0,0,0,0,0,0,0,0,0,0,0,0,0,0,0,0,0,0,0,0,0,0,0,0,0,0,0,0,0,0,0,0,0,0,0,0,0,0,0,0,0,0,0,0,0,0,0,0,0,0,0,0,0,0,0,0,0,0,0,0,0,0,0,0,0,0,0,0,0,0,0,0,0,0,0,0,0,0,0,0,0,0,0,0,0,0,0,0,0,0,0,0,0,0,0,0,0,0,0,0,0,0,0,0,0,0,0,0,0,0,0,0,0,0,0,0,0,0,0,0,0,0,0,0,0,0,0,0,0,0,0,0,0,0,0,0,0,0,0,0,0
Arizona,33.675903642,-111.46323212666667,0,0,0,0,1,1,1,1,1,1,1,1,1,1,1,1,1,1,1,1,1,1,1,1,1,1,1,1,1,1,1,1,1,1,1,1,1,1,1,1,1,1,1,1,2,4,4,4,6,9,9,9,12,12,18,20,27,45,68,104,152,235,326,401,508,665,773,919,1157,1289,1413,1596,1769,2019,2269,2460,2575,2726,3018,3112,3393,3542,3705,3809,3964,4237,4511,4724,4933,5068,5256,5473,5772,6045,6286,6534,6725,6955,7209,7655,7969,8364,8640,8924,9305,9707,9945,10526,10960,11119,11383,11736,12216,12674,13169,13666,13945,14208,14576,14906,15348,15624,16053,16377,16575,16864,17318,17877,18472,19258,19936,20129,21264,22356,22886,24439,25451,26989,27678,28296,29852,31267,33039,34660,35706,36844,39185,40937,43445,46910,50127,52591,54599,58378,60190,63281,66659,70122,73919,74545,79227,84105,87445,91872,94567,98103,101455,105094,108614,112671,116892,119930,122467,123824,128097,131354,134613,138523,141265,143624,145183,148683,150609,152944,156293,160041,162014,163827,165934,168273,170798,174010,177002,178467,179497,180505,182203,183656,185053,186107,186923,187523,188736,189442,190793,191721,192654,193537,194005,194920,195557,196280,196899,197895,198102,198413,199272,199459,200139,200658,201287,201661,201835,202342,202861,203952,204680,205516,205766,205964,206045,206541,207002,207523,208128,208512,208725,209209,209904,211657,212938,213548,214017,214250,214845,215284,215849,216367,216824,217237,217509,218184,218507,219212,219763,220399,220754,221070,221934,222538,223401,224084,224978,225575,226050,226733,227635
Arkansas,34.911889390266666,-92.43397826839998,0,0,0,0,0,0,0,0,0,0,0,0,0,0,0,0,0,0,0,0,0,0,0,0,0,0,0,0,0,0,0,0,0,0,0,0,0,0,0,0,0,0,0,0,0,0,0,0,0,0,0,0,3,3,3,3,4,4,4,4,44,189,206,260,311,346,377,395,424,489,540,600,657,690,780,808,902,956,1106,1150,1209,1255,1374,1453,1521,1576,1652,1702,1735,1928,1945,2181,2472,2628,2709,2785,2866,2907,2965,3113,3164,3194,3263,3315,3362,3466,3544,3593,3593,3885,3912,4027,4096,4231,4324,4447,4627,4683,4793,4870,5307,5468,5627,5772,5870,6006,6096,6339,6584,6817,7065,7254,7615,7818,8193,8407,8837,9162,9440,9786,10090,10514,11247,11774,12161,12573,12795,13215,13493,14098,14582,14990,15499,15995,16644,17127,18041,18577,19106,19526,20056,20491,21338,21839,22322,22907,23288,23598,24301,25117,25837,26816,27294,27818,28691,29248,30094,30663,31410,32025,32672,33448,33980,34972,35851,36600,37223,37948,38667,39423,40175,40957,41618,42232,42956,43729,44607,45295,46254,47039,47587,48205,48600,49295,49950,50557,51250,51910,52303,52702,53430,53991,54847,55386,55764,56068,56554,57229,57939,58768,59477,59952,60320,60600,61156,62052,62945,63476,64150,64500,64812,65249,65687,66624,68166,68578,68999,69902,70761,71676,72461,73511,74032,74678,75389,76339,77271,78180,78898,79470,80149,80863,81786,82851,83730,84552,85012,85465,86205,86950,88244,89415,90292,90865,91503,92192,93218
California,37.84396164603449,-120.72859416379308,0,0,0,0,2,2,2,2,2,3,3,3,6,6,6,6,6,6,6,6,7,7,8,8,8,8,8,8,8,8,10,10,10,10,10,10,11,11,12,12,21,25,35,51,59,81,95,101,144,178,221,281,371,373,557,700,831,1009,1243,1412,1651,2113,2542,3009,3910,4667,5110,5863,7155,8233,9410,10790,12016,12837,15034,15981,17309,18730,19706,21077,21713,22792,23934,25389,26686,27677,29157,30511,31431,33686,35480,37352,39561,41355,42368,43559,44972,46164,48747,50130,52026,53347,54903,55884,58456,60616,62148,63800,66572,67600,69329,70980,72798,74871,76693,78725,80166,81518,83764,86018,88056,90281,92564,94069,96470,99492,101071,103813,106638,109895,111951,114733,117215,119374,122194,125783,128606,130657,133816,136681,139715,143439,146659,150034,152349,155726,158961,162798,167133,170862,175243,178657,184765,191477,196024,201112,206844,210692,215487,223646,231418,238681,246550,250514,252895,264681,271035,284012,292560,302484,310885,318761,324543,333357,346211,354885,364706,373259,380745,386906,397870,409305,421286,430773,440185,446452,452288,458121,470762,484913,492934,500556,506613,512175,516851,526685,530606,541339,546814,554388,559746,574231,578946,591376,597984,613101,617994,623873,629415,638140,647274,652267,658900,664435,669280,675561,681032,687004,691821,697385,702038,705951,712475,715617,721281,726018,730662,735314,738856,740965,744344,747290,750961,754905,758933,761728,765134,768204,771321,775037,779491,783313,786168,790096,793065,796436,799516,803660,807451,809890,812711,815654,819115,822205,826013,829521,832713,835507,838202,841928,845270,849076,852410,855190,857913,861310,865204
Colorado,38.935474467656235,-105.48623995937497,0,0,0,0,0,0,0,0,0,0,0,0,0,0,0,0,0,0,0,0,0,0,0,0,0,0,0,0,0,0,0,0,0,0,0,0,0,0,0,0,0,0,0,2,8,8,8,12,17,34,49,78,103,136,161,183,216,278,364,474,594,718,894,1069,1328,1602,1899,2122,2467,2837,3214,3584,4015,4361,4699,4907,5177,5417,5967,6368,6718,7151,7551,7831,8169,8589,8980,9360,9616,9986,10347,10796,11170,12153,12837,13269,13703,14151,14613,15126,15592,15999,16393,16676,17178,17668,18217,18687,19196,19481,19726,20056,20390,20767,21171,21556,21855,22124,22417,22730,23100,23393,23838,24049,24256,24552,24754,25107,25598,26084,26364,26563,26774,27046,27346,27601,27834,27987,28169,28333,28484,28632,28807,29002,29115,29284,29427,29656,29886,30172,30333,30524,30689,30877,31139,31463,31780,32006,32290,32494,32698,33012,33335,33595,33849,34048,34240,34647,35099,35507,36173,36573,36895,37218,37668,38137,38708,39326,39770,40124,40548,41041,41680,42295,42962,43771,44318,44547,45296,45778,46186,46791,47249,47709,47950,48376,48970,49418,49875,50306,50642,51020,51422,51737,52200,52519,52819,53157,53351,53612,53882,54211,54211,54864,55123,55321,55780,55973,56323,56753,57020,57203,57404,57755,57999,58267,58267,58966,59251,59464,59651,59891,60155,60462,60876,61293,61667,62079,62666,63125,63730,64336,64837,65379,66033,66649,67196,67905,68489,69058,69469,70004,70515,71197,71876,72533,73054,73515,74169,74899,75761,76595,77618,78437,79013,80061,80753
Connecticut,41.61368014,-72.65682967875,0,0,0,0,0,0,0,0,0,0,0,0,0,0,0,0,0,0,0,0,0,0,0,0,0,0,0,0,0,0,0,0,0,0,0,0,0,0,0,0,0,0,0,0,0,0,0,0,1,3,5,11,23,24,41,68,96,157,194,194,327,415,618,875,1012,1291,1524,1993,2395,3051,3372,3650,4696,5035,5453,6642,7489,7489,9392,10131,11054,11534,12890,13456,14218,15350,16314,17025,17433,19301,19857,21919,22578,23414,24061,24747,25513,25821,26260,27238,28393,28975,28975,29610,30253,30690,31499,32109,32738,33254,33492,34070,34605,35229,35847,36446,37209,37883,38212,38815,39014,39452,39807,40258,40649,41046,41060,41341,41536,41793,41967,42503,42728,42843,42998,43215,43563,43700,43820,43893,44043,44168,44400,44695,44818,44893,45009,45084,45170,45284,45439,45482,45512,45637,45653,45734,45807,45954,46052,46157,46310,46363,46435,46504,46504,46504,46749,46806,46880,46982,47057,47057,47057,47266,47287,47394,47524,47665,47665,47665,47821,47860,47993,47998,48554,48554,48554,48741,48832,49290,49428,49567,49567,49567,49819,49868,49971,50011,50083,50083,50083,50330,50441,50470,50566,50681,50681,50681,51033,51041,51101,51220,51305,51305,51305,51777,51814,51999,52146,52391,52391,52391,52769,52899,53001,53112,53265,53265,53265,53265,53670,53760,53990,54219,54219,54219,54769,54905,55034,55264,55406,55406,55406,55882,56023,56180,56342,56455,56455,56455,57000,57183,57399,57613,58165,58165,58165,58963,59085,59241,59639,59915,59915,59915,61215,61557,61713
Delaware,39.10927682333334,-75.53323745666665,0,0,0,0,0,0,0,0,0,0,0,0,0,0,0,0,0,0,0,0,0,0,0,0,0,0,0,0,0,0,0,0,0,0,0,0,0,0,0,0,0,0,0,0,0,0,0,0,0,1,1,4,6,6,8,16,19,30,39,45,56,68,104,119,130,163,214,232,264,319,368,393,450,593,673,783,928,1116,1209,1317,1466,1625,1758,1915,1997,2053,2295,2508,2508,2714,2901,3172,3305,3438,3573,4025,4151,4543,4629,4709,4894,5016,5185,5264,5346,5742,5909,6083,6250,6250,6525,6705,6916,7178,7330,7501,7618,7818,7987,8146,8340,8476,8476,8752,8910,9008,9042,9118,9185,9370,9447,9550,9632,9659,9693,9724,9833,9927,9961,10008,10042,10093,10157,10214,10250,10326,10387,10430,10485,10594,10662,10755,10803,10830,10870,10959,10994,11065,11196,11340,11436,11468,11678,11854,11923,12047,12202,12316,12361,12429,12548,12637,12700,12773,12855,12933,12993,13203,13287,13374,13471,13588,13631,13761,14018,13993,14103,14214,14284,14399,14477,14569,14656,14723,14826,14905,15058,15125,15201,15259,15332,15385,15449,15509,15709,16080,16137,16190,16273,16329,16379,16451,16501,16556,16622,16667,16685,16710,16701,16804,17071,17064,17144,17246,17259,17361,17458,17589,17709,17796,17853,17853,18005,18098,18262,18384,18467,18644,18756,18839,18889,18973,19086,19187,19279,19348,19459,19598,19667,19771,19896,20040,20122,20296,20847,21035,21153,21273,21376,21460,21592,21737,21907,22039,22198,22303,22374
District of Columbia,38.90417773,-77.01655992,0,0,0,0,0,0,0,0,0,0,0,0,0,0,0,0,0,0,0,0,0,0,0,0,0,0,0,0,0,0,0,0,0,0,0,0,0,0,0,0,0,0,0,0,0,0,0,0,0,0,0,0,0,0,22,22,31,40,71,98,102,120,141,187,231,271,304,342,401,495,586,653,757,902,1002,1097,1211,1440,1523,1660,1778,1875,1955,2058,2197,2350,2476,2666,2793,2927,3098,3206,3361,3528,3699,3841,3892,3994,4106,4323,4658,4797,5016,5170,5322,5461,5654,5899,6102,6272,6389,6485,6584,6736,6871,7042,7123,7270,7434,7551,7788,7893,7966,8110,8225,8334,8406,8492,8538,8717,8801,8857,8886,9016,9120,9199,9269,9332,9389,9474,9537,9589,9654,9709,9767,9799,9818,9847,9903,9952,9984,10020,10058,10094,10128,10159,10185,10216,10248,10292,10327,10365,10390,10435,10447,10482,10515,10569,10642,10679,10743,10801,10847,10906,10946,11026,11076,11115,11194,11261,11339,11427,11529,11571,11649,11717,11780,11858,11945,11999,12057,12126,12205,12274,12313,12398,12443,12518,12589,12653,12753,12807,12896,12959,13024,13118,13159,13220,13273,13325,13354,13409,13469,13534,13590,13639,13684,13684,13794,13851,13925,13959,13992,14049,14077,14135,14186,14238,14279,14315,14362,14387,14412,14493,14493,14592,14622,14687,14743,14790,14852,14902,14955,14978,15021,15050,15106,15163,15215,15250,15264,15300,15326,15358,15423,15473,15519,15547,15652,15652,15765,15843,15918,15984,16022,16068,16132
Florida,28.94075487910448,-82.70074390925375,0,0,0,0,0,0,0,0,0,0,0,0,0,0,0,0,0,0,0,0,0,0,0,0,0,0,0,0,0,0,0,0,0,0,0,0,0,0,0,0,1,2,2,3,3,7,10,13,15,24,30,45,64,100,101,190,306,432,564,762,1003,1227,1412,1682,2357,2900,3763,4246,5472,6739,6953,8999,10258,11536,12346,13317,14543,15453,16362,17529,18492,19893,21017,21625,22506,23337,24755,25489,26311,27056,27865,28309,29648,30533,30838,31531,32137,32844,33186,33683,34720,35454,36066,36885,37422,37971,38795,39166,39952,40546,40932,41866,42314,43134,44060,44732,45509,46363,46865,47391,48593,49367,50043,50782,51661,52170,52549,53199,54414,55340,56079,56746,57360,58675,60093,61393,62661,63841,64811,65907,67275,68973,70871,73450,75466,77229,80012,82614,85816,89635,93680,97173,100098,103377,108884,113888,122826,132406,140932,146203,152289,158830,168934,178407,189851,199885,206217,213563,223532,232456,243880,254232,269514,282117,291301,301478,315403,326858,337168,349659,359990,369423,379199,389435,401865,414049,423366,432246,441460,450895,460820,469816,479427,486499,491253,496692,502100,509743,517415,525899,532111,536264,542071,550198,556417,562550,568879,572646,575318,579152,583261,587804,592474,596762,599733,601978,604640,607836,611080,614847,618019,620588,622471,630013,632385,635930,639122,642772,645328,647164,648980,651136,653607,657354,660538,662959,664692,667290,669635,672887,676085,679641,682156,683839,686296,688876,691395,694233,697013,698877,699612,702856,704786,707402,710050,712825,714674,716082,718308,720886,724183,727077,727077,732609,734136,736854,739726
Georgia,32.80853214484278,-83.57742992610066,0,0,0,0,0,0,0,0,0,0,0,0,0,0,0,0,0,0,0,0,0,0,0,0,0,0,0,0,0,0,0,0,0,0,0,0,0,0,0,0,0,2,2,2,3,5,5,10,17,23,31,42,73,99,121,146,197,282,457,518,585,727,945,1101,1359,1783,2136,2389,2644,3764,4122,4570,5324,5915,6369,6994,8333,9044,9546,10239,10762,11234,12096,13626,14041,14818,16159,16634,17179,18160,18441,19544,20544,21128,21623,21842,22642,23342,24178,24908,25774,26617,26917,27664,28269,29198,29679,30239,30730,31250,31534,32207,32582,33059,33598,33868,33943,34418,35078,35730,36505,37238,37726,38332,39120,40276,41341,42044,42881,43134,43353,44249,44502,45373,46344,47237,47816,47968,48673,49478,50305,51313,52180,52884,53199,53954,54832,56063,56893,58231,58819,59535,60913,63105,65041,66455,68073,69473,70421,71195,74581,77199,79711,83087,86271,88106,89778,92527,95379,97482,102240,105089,106928,110530,113008,116487,119538,122973,126721,129046,130974,134185,137203,141653,145642,149205,151377,153705,157704,161118,165266,169031,172457,175085,176961,179928,183850,186828,190772,194749,197384,199420,203255,206953,209226,212563,215586,217434,219080,221956,224489,227569,230480,233098,234633,236944,239140,241897,244453,246820,249140,250215,251768,254064,255974,258637,260542,262747,264169,264746,266298,268228,270148,271816,273852,275256,276285,277941,279937,281763,283705,285660,286710,287589,288588,290534,292099,293866,295318,296084,296740,297788,299279,300829,302187,303693,304506,305242,306298,307955,309386,311167,312617,313901,314801,316035,317595
Guam,13.4443,144.7937,0,0,0,0,0,0,0,0,0,0,0,0,0,0,0,0,0,0,0,0,0,0,0,0,0,0,0,0,0,0,0,0,0,0,0,0,0,0,0,0,0,0,0,0,0,0,0,0,0,0,0,0,0,0,3,3,5,12,14,15,27,29,32,37,45,51,55,56,58,69,77,82,84,93,112,113,121,121,128,130,133,133,133,133,135,135,136,136,136,136,136,136,139,141,141,141,141,141,141,145,145,145,145,145,145,149,149,151,151,151,151,152,152,152,154,154,154,154,154,154,165,165,165,166,166,167,170,171,172,172,172,175,175,177,179,179,179,179,179,180,180,183,183,183,183,185,186,188,192,200,222,222,222,225,226,231,247,247,247,253,257,267,280,280,280,280,301,303,307,309,310,310,310,312,312,313,314,314,314,314,319,319,330,337,337,337,337,349,351,354,356,356,356,368,375,389,397,411,411,411,418,418,449,449,477,502,502,502,577,599,599,704,767,767,767,907,984,1120,1232,1287,1287,1287,1395,1447,1494,1560,1619,1619,1619,1619,1713,1758,1846,1863,1863,1863,1927,1966,2013,2045,2074,2074,2074,2147,2190,2235,2263,2286,2286,2286,2286,2443,2488,2488,2488,2617,2617,2753,2818,2868,2934,2989,2989,2989,3170,3266,3341
Hawaii,21.028283006000002,-157.32323648,0,0,0,0,0,0,0,0,0,0,0,0,0,0,0,0,0,0,0,0,0,0,0,0,0,0,0,0,0,0,0,0,0,0,0,0,0,0,0,0,0,0,0,0,0,1,1,1,3,2,2,2,4,6,8,10,15,15,36,36,53,56,70,70,87,100,145,145,167,191,209,238,306,341,362,376,401,401,437,437,459,494,499,508,523,523,530,568,574,578,580,586,590,595,598,599,600,602,605,609,610,611,611,612,615,616,619,619,620,621,623,624,627,627,628,629,630,630,631,633,637,632,633,633,633,633,634,637,639,641,642,642,643,643,644,653,661,663,664,670,673,680,694,711,716,724,724,732,750,777,777,802,804,807,821,837,850,856,883,884,900,909,929,957,981,1005,1012,1053,1076,1112,1139,1181,1201,1222,1243,1271,1287,1312,1329,1356,1371,1396,1413,1468,1526,1597,1660,1688,1734,1842,1966,2088,2174,2219,2425,2568,2740,2891,3092,3323,3475,3615,3733,3935,4289,4520,4802,5019,5192,5326,5586,5821,6049,6333,6577,6746,6961,7236,7542,7806,8115,8315,8447,8628,8966,9177,9448,9667,9829,9933,9999,10097,10266,10433,10562,10674,10753,10817,10918,11077,11189,11298,11375,11431,11494,11661,11749,11861,11988,12086,12173,12258,12377,12482,12567,12700,12770,12820,12903,13009,13110,13263,13334,13435,13477,13538,13636
Idaho,44.2634012584091,-114.46012491818179,0,0,0,0,0,0,0,0,0,0,0,0,0,0,0,0,0,0,0,0,0,0,0,0,0,0,0,0,0,0,0,0,0,0,0,0,0,0,0,0,0,0,0,0,0,0,0,0,0,0,0,0,2,4,4,8,9,23,36,42,42,68,81,91,146,205,234,281,340,515,566,767,891,1022,1078,1101,1170,1210,1232,1354,1396,1407,1426,1464,1473,1587,1609,1655,1668,1672,1736,1766,1836,1870,1887,1897,1897,1952,1952,1984,2015,2061,2061,2106,2127,2158,2178,2178,2205,2230,2260,2293,2293,2351,2351,2419,2419,2455,2455,2506,2506,2595,2595,2626,2626,2626,2698,2769,2769,2803,2839,2839,2933,2933,2990,3111,3139,3139,3189,3221,3260,3260,3353,3353,3399,3399,3462,3632,3743,3871,4004,4004,4254,4254,4401,4864,4864,5321,5321,5752,6116,6369,6592,6992,7369,7732,8051,8538,8968,9428,9928,10505,10902,11403,11719,12448,13134,13753,14303,14874,15268,15823,16322,16737,17265,17826,18178,18692,19220,19674,20242,20716,21110,21110,21670,22230,22703,23396,23920,24492,24670,25099,25593,26129,26624,27166,27470,27653,27934,28318,28677,29107,29361,29656,29842,30054,30462,30768,31110,31373,31665,31855,32078,32350,32661,32924,32924,32924,32924,32924,32924,34299,34615,34949,35166,35278,35531,35807,36089,36486,36956,37244,37488,37898,38344,38740,39233,39756,40296,40501,40923,41433,42047,42560,43237,43702,43964,44422,45082,45753,46426,47088,47701,48066,48663,49247,49892
Illinois,39.84361770127451,-89.17833006960784,0,0,1,1,1,1,1,1,1,2,2,2,2,2,2,2,2,2,2,2,2,2,2,2,2,2,2,2,2,2,2,2,2,2,2,2,2,2,2,3,4,4,4,5,5,6,7,7,12,25,32,46,64,66,83,161,272,416,418,750,1047,1222,1537,1863,1870,3024,3483,4588,5043,5976,6952,7658,8489,10299,11197,12190,13488,15005,16354,17806,19095,20751,21960,23194,24548,25679,27504,29076,30242,31383,32867,34879,36744,39440,41503,43596,45545,47767,50004,52540,55692,58227,61242,63563,65653,68059,70700,73640,75935,77578,78857,82874,84566,87786,90233,92325,94040,96324,97873,100256,102512,105226,107571,110050,111743,112898,113991,115501,117211,118719,120057,121023,122586,123605,124556,125709,126698,127557,128234,129018,129669,130437,131044,131707,132375,132857,133479,134083,134728,135417,136049,136703,137167,137774,138494,139395,140261,141048,141694,142417,143136,143962,144836,145704,146565,147197,147809,148397,149383,150401,151722,152914,153863,154744,155461,156652,157927,159302,160576,161542,162706,163650,165259,166885,168412,169829,171364,172578,173671,175064,176841,178768,180414,181887,183175,184628,186401,188363,190443,192645,194012,195341,196900,198498,200342,202641,204483,206040,207805,209553,211830,213665,215867,218237,220133,221742,223389,225580,227274,229432,231287,233273,234960,236435,238568,239915,245309,248111,249544,250924,252310,253622,255597,257738,259856,261321,262692,264152,266093,268147,270273,272798,274203,275677,277201,279063,281312,283790,286232,287834,289548,290904,293155,295349,297562,300001,301457,303317,304935,307547,310656,313470,316380,319100,321844,324699,327565
Indiana,39.83735316565217,-86.21856844913039,0,0,0,0,0,0,0,0,0,0,0,0,0,0,0,0,0,0,0,0,0,0,0,0,0,0,0,0,0,0,0,0,0,0,0,0,0,0,0,0,0,0,0,0,1,1,2,3,6,11,13,13,16,20,25,30,38,60,86,128,204,214,368,477,645,979,1233,1513,1786,2158,2564,3038,3437,3953,4411,4936,5510,5943,6351,6907,7435,7928,8359,8527,8960,9542,10154,10641,11211,11688,12097,12438,13039,13681,14399,15012,15961,16588,17182,17835,18630,19295,19933,20507,21033,21870,22503,23146,23732,24126,24627,25127,25473,26053,26656,27280,27778,28255,28705,29274,29936,30409,30901,31376,31715,32078,32437,33068,33558,34211,34574,34830,35237,35712,36096,36578,36997,37397,37623,38033,38337,38748,39146,39543,39909,40430,40786,41013,41438,41746,42061,42423,42633,42871,43140,43655,44140,44575,44930,45228,45594,45952,46387,46915,47432,48008,48331,48626,49063,49575,50300,51079,51612,52037,52685,53370,54080,54813,55654,56571,57206,57916,58673,59602,60598,61520,62372,62907,63678,64299,65253,66154,67122,67857,68433,69255,69975,71015,72254,73287,74328,74992,75862,76522,77565,78632,79676,80415,81006,81847,82336,83277,84317,85317,85932,87592,88421,89359,90504,91313,92434,93313,94196,94891,95750,96854,97884,98961,99804,100394,100780,101485,102243,103505,104561,105804,106540,107229,107809,108646,109683,110759,111505,112027,112626,113337,114236,115407,116549,117450,118322,119066,120019,121176,122640,124059,125146,125976,126946,128227,129677,131493,133411,134981,136555,138104,139269
Iowa,42.02991002353537,-93.46551942343434,0,0,0,0,0,0,0,0,0,0,0,0,0,0,0,0,0,0,0,0,0,0,0,0,0,0,0,0,0,0,0,0,0,0,0,0,0,0,0,0,0,0,0,0,0,0,0,3,8,13,14,17,17,18,23,23,38,44,45,69,90,105,122,146,179,235,298,336,424,495,547,614,699,787,869,946,1046,1145,1270,1388,1510,1587,1710,1899,1995,2141,2331,2512,2895,3157,3620,3744,3921,4441,5087,5470,5861,6363,6823,7121,7821,8548,9051,9608,10111,10391,11051,11440,11668,11959,12368,12906,13284,13667,14039,14313,14643,14946,15291,15612,16156,16486,16896,17248,17551,17701,18361,18585,18956,19238,19551,19698,20016,20300,20806,21152,21469,21708,22003,22233,22622,22965,23346,23712,23921,24076,24174,24455,24854,25265,25491,25958,26138,26464,26596,27364,27713,28069,28514,28839,29071,29510,30252,30456,31045,31501,31741,32137,32604,33232,34145,34623,35375,35596,35835,36497,37307,37869,38284,38784,39321,39705,40195,40795,41431,41878,42352,42694,42920,43622,44278,44748,45288,45716,45897,46231,46832,47556,48039,48528,48913,49162,49520,49966,50371,51242,52064,52447,52823,53198,53519,54528,55323,55992,56439,56893,57594,58790,61477,62812,63601,64580,65130,65844,66455,67670,68715,69674,70207,70536,71017,71593,72455,73379,74171,74664,75051,75702,76630,77188,78824,79781,80394,81000,81610,82867,83987,85024,85891,86601,87243,88221,89243,90409,91477,92289,92728,93257,93804,95086,96649,97873,99028,99919,100443,101412,102893
Kansas,38.485378896857135,-98.08455153209523,0,0,0,0,0,0,0,0,0,0,0,0,0,0,0,0,0,0,0,0,0,0,0,0,0,0,0,0,0,0,0,0,0,0,0,0,0,0,0,0,0,0,0,0,0,0,1,1,1,1,4,6,8,8,11,18,22,35,48,57,65,84,100,134,172,206,266,330,372,434,485,553,629,698,751,849,912,1046,1116,1117,1275,1344,1390,1441,1504,1615,1730,1821,1905,2048,2164,2331,2721,2959,3135,3277,3473,3652,3839,4413,4634,4885,5156,5383,5648,5993,6332,6667,6829,6951,7159,7240,7518,7705,7886,7939,7953,8303,8353,8507,8625,8909,8946,9004,9125,9199,9291,9371,9662,9690,9700,9920,9965,10092,10167,10306,10361,10406,10544,10609,10750,10823,10973,11020,11101,11319,11411,11644,11753,12021,12097,12136,12428,12537,12930,13107,13462,13617,13847,14209,14370,14830,15002,15659,15911,16081,16638,16860,17332,17785,18303,18687,18981,19645,19887,20349,20817,21388,21693,21996,22656,22929,23481,23956,24554,25009,25290,25804,26058,26591,26885,27364,27592,27871,28432,28782,29256,29617,30137,30463,30662,31183,31468,32097,32484,33030,33885,33885,34614,34874,35419,35907,36895,37388,37658,38546,38861,39880,40360,41050,41595,41761,42599,42962,43847,44394,45365,45656,45830,46337,47012,47424,47802,48370,48658,48766,49660,49989,50720,51164,52125,52486,52700,53627,54000,54846,55292,56425,56653,56874,57963,58350,59040,59514,60468,60725,60980,61831,62315,62941,63501,64714,65039,65303,66399,66860,67805
Kentucky,37.62214385000001,-85.19989061799998,0,0,0,0,0,0,0,0,0,0,0,0,0,0,0,0,0,0,0,0,0,0,0,0,0,0,0,0,0,0,0,0,0,0,0,0,0,0,0,0,0,0,0,0,1,1,1,4,5,8,10,12,16,18,21,26,28,31,64,64,64,108,116,143,143,143,230,369,426,614,614,657,657,888,921,921,997,997,1265,1308,1308,1851,1906,2025,2132,2358,2435,2634,2881,2977,3131,3306,3412,3721,3857,4027,4098,4325,4487,4655,4829,4823,5068,5187,5765,5893,6091,6250,6406,6406,6646,6822,6822,7194,7413,7657,7657,7903,8036,8135,8258,8398,8542,8542,8542,8922,9048,9156,9439,9698,9698,10032,10178,10402,10696,10968,11280,11280,11469,11700,11877,11938,12157,12434,12434,12636,12636,12981,13179,13433,13609,13729,13818,14127,14349,14604,14859,15165,15230,15345,15622,15838,16075,16372,16372,16372,17151,17519,17918,18241,18668,19118,19380,19642,20212,20674,21082,21605,22178,23155,23410,24056,24540,25143,25928,26761,27079,27583,28108,28727,29385,30151,30723,31185,31508,32197,32741,33254,33796,34578,34982,35254,35793,36945,37686,38298,38930,38930,39691,40299,40926,41626,42265,43066,43066,43898,44568,45230,45978,46757,47577,48031,48396,49185,49991,50885,51677,52464,52774,53064,53319,53977,54772,55704,56415,56945,57282,58000,58764,59370,60128,61106,61542,61917,62731,63515,64158,65066,66036,66491,66939,67856,68840,69728,70727,72001,72617,73158,74194,76587,77455,78456,79445,80292,80930,81691,83013
Louisiana,31.092427383437492,-91.82418665609377,0,0,0,0,0,0,0,0,0,0,0,0,0,0,0,0,0,0,0,0,0,0,0,0,0,0,0,0,0,0,0,0,0,0,0,0,0,0,0,0,0,0,0,0,0,0,0,0,0,5,19,29,73,87,115,196,257,344,530,754,787,1161,1376,1784,2291,2728,3306,3532,4011,5215,6396,9111,10257,12465,12979,14819,16235,16981,18232,19199,19960,20541,20960,21462,21895,22476,23062,23523,23870,24464,24795,25198,25677,26077,26449,26709,27004,27225,27599,27940,28648,29077,29277,29610,29933,30336,30589,30792,31353,31536,31751,31986,32598,33424,33772,34045,34360,34637,34966,35244,36426,36822,36822,37091,37732,37977,38413,38718,38718,39493,39832,40257,40661,41048,41474,41901,42366,42696,42930,43417,43816,44258,44755,45990,46326,46853,47313,48176,48176,48512,49377,49770,50231,51592,52469,53405,54758,54758,56225,57070,58093,60175,61556,63282,63282,65218,66319,68230,70151,71994,74634,76799,78118,79820,82042,84129,86408,88586,88586,91701,94884,96577,99345,101641,103724,103724,107564,109907,111028,112763,114471,116270,116270,119736,120835,124243,125726,127034,128533,128533,131146,131707,132870,134068,135199,136499,136499,137683,138249,138885,139655,140573,141479,141479,142693,143319,143926,144770,145450,146056,146056,147679,148003,148696,149647,150461,151282,151282,152676,152984,153242,154762,155228,155984,155984,157259,157751,158124,158634,159111,160093,160093,161024,161266,162021,162452,163028,163732,163732,164655,164898,165428,165839,166390,167202,167202,168096,168312,168849,169851,170376,170633,170633,171812,171872,172560,172878
Maine,44.68768840625,-69.523768628125,0,0,0,0,0,0,0,0,0,0,0,0,0,0,0,0,0,0,0,0,0,0,0,0,0,0,0,0,0,0,0,0,0,0,0,0,0,0,0,0,0,0,0,0,0,0,0,0,0,0,1,1,1,2,17,26,35,39,54,67,81,102,118,140,154,165,208,248,270,297,297,368,421,444,459,488,510,529,556,583,613,630,693,733,768,794,826,846,865,874,887,905,937,965,965,1013,1021,1039,1054,1094,1123,1153,1185,1203,1226,1254,1328,1368,1407,1433,1456,1471,1509,1563,1601,1646,1685,1712,1740,1817,1874,1945,2013,2054,2074,2109,2134,2184,2222,2278,2323,2348,2376,2414,2442,2478,2524,2568,2586,2604,2635,2665,2717,2755,2791,2808,2816,2835,2876,2912,2936,2956,2969,2994,3015,3068,3096,3151,3186,3214,3251,3292,3322,3368,3394,3412,3421,3435,3458,3483,3496,3514,3529,3555,3564,3575,3594,3633,3641,3661,3687,3700,3719,3734,3755,3789,3813,3831,3837,3865,3887,3910,3935,3956,3968,3975,3992,3997,4014,4026,4042,4049,4050,4069,4088,4115,4142,4166,4196,4212,4234,4252,4285,4317,4335,4356,4368,4388,4413,4433,4489,4511,4526,4548,4567,4617,4632,4632,4682,4701,4714,4713,4759,4791,4829,4862,4903,4918,4941,4962,5002,5034,5077,5106,5146,5170,5214,5234,5258,5287,5300,5337,5389,5428,5466,5484,5519,5544,5565,5603,5638,5665,5695,5720,5752,5780,5816
Maryland,39.014920690416666,-76.67546760874998,0,0,0,0,0,0,0,0,0,0,0,0,0,0,0,0,0,0,0,0,0,0,0,0,0,0,0,0,0,0,0,0,0,0,0,0,0,0,0,0,0,0,0,0,3,3,5,5,8,9,12,18,20,24,42,60,85,107,149,193,244,290,349,425,583,775,995,1239,1413,1660,1986,2331,2758,3125,3617,4045,4371,5529,6185,6968,7694,8225,8936,9472,10032,10784,11572,12326,12847,13684,14193,14775,15737,16616,17766,18581,19487,20113,20849,21742,23472,24473,25462,26408,27117,28163,29374,30485,31534,32587,33373,34061,34812,35903,36986,37968,38804,39762,41546,42323,43531,44424,45495,46313,47152,47687,48423,49709,50988,52015,52778,53327,54175,54982,55858,56770,57482,57973,58404,58904,59465,60197,60613,61305,61701,62032,62409,62969,63229,63548,63956,64306,64603,65007,65337,65777,66115,66450,66777,67254,67559,67918,68423,68961,69341,69632,69904,70396,70861,71447,71910,72467,73109,73527,74260,75016,75664,76371,77206,78131,78685,79545,80172,80836,81766,83054,83748,84876,85524,86285,87177,88346,89365,90274,91144,91854,92426,93005,93806,94581,95503,96258,96843,97384,98160,98875,99693,100212,100715,101235,101649,102229,102899,103523,104102,104669,105046,105486,106063,106664,107294,107791,108249,108863,109319,110012,110831,111607,112119,112883,113239,113575,114078,114724,115533,116110,116646,117245,117888,118519,119062,119744,120156,120568,120912,121297,121800,122359,122972,123403,123880,124311,124725,125510,126222,126819,127290,127791,128204,128664,129425,130159,130795,131357,131861,132343,132918
Massachusetts,42.066276593999994,-71.41846876066667,0,0,0,0,0,0,0,1,1,1,1,1,1,1,1,2,2,2,2,2,2,2,2,2,2,2,2,2,2,2,2,2,2,2,2,2,2,2,2,3,3,4,6,14,28,72,91,96,110,132,161,222,295,363,512,760,1019,1297,1684,2006,2292,2900,3617,4364,5298,6238,6895,7418,8655,9919,11258,12537,14021,15183,16161,18089,20110,21972,23949,26004,27300,28225,30236,33093,35671,38054,41035,42511,43597,46276,48458,51155,53546,55822,57310,58152,60277,62380,64563,66601,68680,69708,70442,72318,74053,75754,77431,78885,79571,79957,81267,82716,84029,85341,86441,87087,87450,88766,89841,90856,91825,92687,93076,93378,93576,94440,95128,95769,96299,96568,96730,97237,97685,98144,98523,98862,99010,99161,99516,99862,100118,100344,100598,100694,100771,101005,101204,101452,101693,101867,101959,102038,102265,102454,102663,102866,103066,103201,103271,103473,103691,103910,104134,104233,104291,104395,104630,104868,105082,105337,105562,105682,105764,106030,106262,106562,106802,107022,107153,107226,107504,107764,108020,108279,108536,108695,108796,109157,109480,109799,110135,110455,110601,110711,111072,111379,111708,112060,112355,112522,112608,112976,113257,113559,113910,114250,114399,114517,114878,115254,115589,115926,116207,116354,116444,116835,117214,117591,117935,118304,118479,118617,119051,119447,119831,119481,119693,120101,120465,120683,120845,121024,121406,121858,122302,122564,122799,123082,123387,123816,124239,124797,125143,125383,125540,126096,126569,127020,127539,128126,128492,128944,129450,130155,130912,131525,132139,132598,133048,133573,133986,134720,135312,135870,136648,137267,137791
Michigan,44.04362008975902,-85.18169553542172,0,0,0,0,0,0,0,0,0,0,0,0,0,0,0,0,0,0,0,0,0,0,0,0,0,0,0,0,0,0,0,0,0,0,0,0,0,0,0,0,0,0,0,0,0,0,0,0,0,2,3,22,35,45,76,90,159,304,471,625,1131,1450,1936,2461,3025,3840,4828,5658,6708,7838,9533,11004,12932,14400,15836,17358,19117,20586,21798,23058,24274,24953,26005,27342,28394,29216,30550,31314,31976,32611,33279,34652,35977,37241,37661,38398,38880,39971,40990,41904,42850,43474,44080,44350,44841,45621,46176,46859,47397,47798,48312,48853,49381,50667,51270,51774,52131,52536,53110,53878,54458,54967,55460,55790,56015,56360,56722,57193,57782,58001,58482,58701,58970,59377,59694,60519,60610,60665,60785,60848,60863,61109,61313,61491,61711,61825,62000,62218,62515,62805,63240,63405,63643,63862,64201,64638,64956,65304,65558,65834,66331,66754,67332,67806,68201,68544,68846,69463,70109,70717,71329,71964,72406,72816,73487,74550,75446,76217,76939,77446,77958,78631,79338,80061,80684,81192,82269,82761,83484,84456,85356,86171,86904,87314,87912,88624,89286,90055,90803,91525,92022,92603,93329,93786,94914,95790,96738,97028,97512,98155,98890,99419,99419,100844,101586,102407,103153,104022,104852,105646,105646,106925,107413,108187,108847,109616,110610,111428,111428,112559,113050,114029,114977,116322,117115,117115,118322,118996,119795,120785,121558,122121,122121,123621,124365,125251,126353,127386,128382,128382,129713,130819,132010,133007,133985,135236,135236,136693,137839,139046,140443,141760,143360,143360,145262,146619,148231
Minnesota,45.55201297954022,-94.43095302689653,0,0,0,0,0,0,0,0,0,0,0,0,0,0,0,0,0,0,0,0,0,0,0,0,0,0,0,0,0,0,0,0,0,0,0,0,0,0,0,0,0,0,0,0,1,1,1,2,2,5,9,10,21,21,53,59,77,89,113,134,167,233,261,286,344,396,441,503,576,629,689,742,788,863,928,980,1063,1150,1238,1335,1423,1616,1616,1660,1807,1807,2070,2209,2352,2466,2563,2718,2939,3179,3441,3593,3811,4175,4637,5127,5717,6232,6643,7213,7829,8568,9345,10057,10773,11253,11774,12464,12901,13414,14216,14941,15639,16344,16994,17638,18166,18985,19829,20554,21293,21945,22403,22853,23465,24104,24761,25120,25425,25796,26198,26884,27405,27799,28136,28437,28787,29233,29730,30115,30415,30637,30827,31237,31617,31974,32399,32838,33147,33392,33683,34044,34535,34951,35467,35779,36220,36635,37128,37548,37548,38059,38491,39048,39502,40079,40681,41483,42193,42684,43078,43648,44256,44928,45381,46111,46348,47346,47839,48591,49346,50125,50986,51623,52095,52833,53574,54347,55060,55812,56420,57022,57670,58508,59059,59964,60764,61382,61708,62170,62858,63579,64267,65006,65568,65944,66493,67188,67997,68747,69461,70171,70583,71109,72249,73093,74112,75035,75705,76191,76928,77916,78800,79713,80407,81025,81410,81685,82057,82520,83429,84164,84793,85198,85663,86565,87642,88534,89808,90730,91202,91882,92862,94034,95489,96554,97484,98294,98980,100037,101194,102622,103649,104612,105578,106490,107746,109119,110645,112055,113229,114367,115761
Mississippi,32.792726566585365,-89.64572580048781,0,0,0,0,0,0,0,0,0,0,0,0,0,0,0,0,0,0,0,0,0,0,0,0,0,0,0,0,0,0,0,0,0,0,0,0,0,0,0,0,0,0,0,0,0,0,0,0,0,0,1,4,6,6,12,21,34,50,80,98,207,249,320,377,485,579,663,759,758,937,1073,1177,1358,1455,1638,1738,1915,2003,2260,2469,2642,2781,2942,3087,3360,3624,3793,3974,4274,4512,4716,4894,5153,5434,5718,5911,6094,6342,6569,6815,7212,7441,7550,7877,8207,8424,8686,9090,9378,9501,9674,9908,10090,10483,10801,11123,11296,11432,11704,11967,12222,12625,13005,13260,13458,13731,14044,14372,14793,15229,15523,15752,16041,16322,16560,16769,17039,17270,17768,18123,18483,18483,19091,19348,19516,19799,20152,20641,20641,20641,20641,20641,22329,22898,23424,24516,25066,25531,25892,26567,27247,27900,28770,29684,30674,30900,31257,32214,32888,33591,34622,35419,36287,36680,37542,38567,39797,40829,41846,42638,43889,45524,47071,48053,49585,50981,52154,52781,54085,55804,57579,58747,59881,60553,61125,62199,63444,64400,65436,66646,67173,67649,68293,69374,69986,70930,71755,72136,72412,73207,74555,75449,76323,77268,77894,78405,79206,80110,80695,81294,82029,82676,82950,83584,84365,85116,85939,86478,86888,87130,87379,87805,88322,89175,89620,89874,90018,90523,91234,91935,92432,93087,93364,93556,94021,94573,95310,96032,96677,96859,97049,97638,98190,98886,99558,100167,100488,100703,101678,102241,102819,103681,104638,104932,105228,105941,106817
Missouri,38.456764881637945,-92.4994868846552,0,0,0,0,0,0,0,0,0,0,0,0,0,0,0,0,0,0,0,0,0,0,0,0,0,0,0,0,0,0,0,0,0,0,0,0,0,0,0,0,0,0,0,0,0,0,1,1,1,1,1,3,4,5,8,14,21,40,72,89,122,221,285,382,577,744,864,934,1289,1550,1803,2003,2124,2469,2565,3029,3326,3510,3754,4149,4395,4534,4714,4879,5005,5308,5520,5713,5881,6043,6242,6433,6699,6942,7107,7274,7443,7590,7760,7955,8190,8449,8712,8998,9195,9447,9683,9829,9988,10105,10212,10329,10520,10684,10873,11049,11172,11320,11452,11628,11775,11986,12145,12394,12549,12721,12872,13083,13233,13400,13573,13787,14055,14298,14586,14753,15042,15132,15355,15566,15754,15946,15996,16231,16261,16610,16856,17069,17371,17666,18057,18460,18593,19005,19123,19637,20216,20572,20796,21315,21812,22104,22635,23160,23583,23816,24210,24917,25589,26409,27069,27606,27880,28289,29240,30057,30873,31738,32704,33521,34102,35194,36497,38060,39635,41034,42160,43489,45181,46942,49139,50616,51632,52184,53214,54422,55614,56773,57837,58021,59383,60359,61440,62956,64429,65793,67004,68196,69225,70055,71285,72353,73623,74952,75783,76597,77390,78743,80214,81672,83168,84474,85635,86738,88216,89639,91228,93171,94492,95406,96181,97504,98738,100268,102290,103997,105278,106637,107853,109557,111390,112864,114170,115537,116612,118205,119561,121456,123506,125026,126265,126531,126715,126906,130981,132630,134079,135374,136327,137420,138987,141003,145682,145938,146154,146359,150794
Montana,46.97469113196428,-109.70039488214286,0,0,0,0,0,0,0,0,0,0,0,0,0,0,0,0,0,0,0,0,0,0,0,0,0,0,0,0,0,0,0,0,0,0,0,0,0,0,0,0,0,0,0,0,0,0,0,0,0,0,0,0,4,6,6,8,10,10,19,26,33,33,45,65,90,109,129,154,171,198,208,241,243,265,286,299,319,332,354,365,377,387,394,399,404,415,422,426,433,433,437,439,442,444,445,448,449,451,451,453,453,455,455,457,456,456,456,458,458,458,459,461,462,462,466,468,468,470,471,478,479,479,479,479,479,479,481,485,493,505,515,519,523,525,539,541,540,545,548,554,561,563,573,588,601,609,614,630,655,666,698,717,734,743,764,803,829,852,863,919,967,1016,1083,1128,1167,1212,1249,1327,1371,1466,1593,1677,1758,1843,1952,2096,2231,2366,2471,2533,2620,2711,2812,2909,3038,3259,3341,3380,3474,3676,3814,3965,4081,4193,4233,4314,4429,4602,4757,4889,4952,5017,5104,5268,5407,5541,5659,5750,5792,5846,5956,6072,6216,6376,6429,6489,6624,6785,6929,7063,7251,7340,7421,7509,7691,7871,8019,8164,8264,8316,8381,8468,8663,8785,8925,9021,9107,9244,9431,9647,9871,10163,10299,10429,10700,10912,11242,11564,11907,12107,12413,12724,13071,13500,13855,14356,14635,14847,15347,16063,16677,17399,18117,18702,19125,19611,20210
Nebraska,41.321794947204275,-99.03901222387097,0,0,0,0,0,0,0,0,0,0,0,0,0,0,0,0,0,0,0,0,0,0,0,0,0,0,0,0,0,0,0,0,0,0,0,0,0,0,0,0,0,0,0,0,1,1,1,3,3,5,10,14,18,17,18,23,24,29,33,38,51,51,66,71,74,80,96,104,143,169,207,244,278,320,363,416,446,519,568,635,699,768,791,879,882,929,974,1189,1434,1611,1685,1801,2195,2424,2719,3020,3324,3494,3828,4233,5008,5317,5661,6037,6373,6689,7068,7694,8093,8171,8407,8532,8912,9260,9610,10055,10177,10463,10692,10952,11257,11493,11794,11945,12173,12430,12792,13057,13441,13688,13882,14130,14401,14670,14922,15189,15355,15447,15569,15701,15841,16135,16342,16460,16550,16675,16862,17055,17238,17412,17520,17625,17776,17912,18038,18179,18354,18601,18726,18867,19003,19134,19286,19500,19661,19761,19880,20075,20302,20500,20661,20884,21056,21284,21601,21861,22017,22247,22366,22463,22722,23070,23359,23688,24044,24265,24486,24757,25013,25273,25617,26066,26251,26559,26801,27027,27339,27674,27962,28106,28296,28541,28876,29084,29505,29827,30086,30218,30404,30662,30862,31182,31443,31610,31713,31879,32198,32569,32967,33311,33631,33921,34155,34437,34844,35313,35520,35664,35741,35832,36326,36768,37216,37694,37963,38042,38482,38810,39249,39737,40195,40603,40887,41165,41536,42032,42465,42885,43327,43790,44276,44745,45274,45869,46645,47068,47473,47908,48399,49005,49671,49671,51481,51970,52435,53138,54075
Nevada,39.25599674470589,-117.5639935352941,0,0,0,0,0,0,0,0,0,0,0,0,0,0,0,0,0,0,0,0,0,0,0,0,0,0,0,0,0,0,0,0,0,0,0,0,0,0,0,0,0,0,0,1,2,2,4,4,4,7,10,18,20,20,45,55,55,84,143,151,154,156,263,308,416,520,533,651,880,1012,1131,1315,1498,1708,1830,1920,2091,2259,2399,2576,2606,2813,2990,3134,3206,3212,3426,3592,3708,3794,3903,4075,4204,4333,4523,4639,4700,4821,4934,5053,5248,5389,5472,5630,5660,5741,5855,5891,6049,6120,6143,6282,6476,6504,6733,6813,6949,7061,7096,7388,7400,7525,7526,7881,7956,8057,8150,8248,8376,8517,8628,8702,8858,8951,9129,9309,9491,9669,9816,10045,10218,10473,10704,10997,11201,11315,11683,11854,12169,12524,12976,13240,13528,13997,14362,14859,15240,16339,17160,17894,18456,19101,19733,20718,21575,22418,22909,23785,24301,24904,25908,26838,27683,28515,29619,30468,31915,33295,34477,35765,36713,37528,38657,39919,40885,41816,42843,43831,44936,45806,46824,48088,49074,50205,51199,52179,52828,53557,54533,55419,56230,56972,57520,58048,58650,59749,60608,61305,61967,62639,63028,63584,64433,65069,65601,66010,66413,66666,67220,67852,68461,68908,69228,69633,69872,70223,70712,71102,71610,71967,72104,72258,72546,72806,73220,73537,73814,74040,74248,74595,75096,75419,75804,76036,76298,76807,77197,77753,78355,78728,79191,79595,79980,80410,81182,81708,82100,82437,82916,83347,83827,84593,85399,85779,86348,86835,87314
New Hampshire,43.478972876,-71.57765670500001,0,0,0,0,0,0,0,0,0,0,0,0,0,0,0,0,0,0,0,0,0,0,0,0,0,0,0,0,0,0,0,0,0,0,0,0,0,0,0,0,1,2,2,2,2,2,4,4,4,5,6,6,7,7,17,26,37,37,48,61,73,78,101,108,137,154,187,214,258,357,367,479,479,540,617,714,714,746,787,787,885,928,984,921,1139,1139,1285,1342,1390,1443,1476,1571,1659,1717,1788,1859,1927,2003,2051,2143,2295,2395,2499,2573,2621,2721,2822,2919,2979,3043,3129,3213,3273,3348,3419,3546,3586,3620,3710,3854,3920,3997,4074,4135,4185,4219,4276,4379,4486,4486,4645,4679,4739,4785,4868,4868,5009,5034,5070,5070,5170,5205,5246,5294,5313,5340,5360,5433,5449,5485,5517,5542,5555,5570,5596,5636,5669,5715,5745,5759,5781,5801,5821,5855,5871,5893,5911,5931,5951,5972,5989,6022,6048,6063,6091,6113,6139,6165,6188,6203,6249,6262,6295,6318,6375,6415,6436,6441,6500,6513,6541,6582,6613,6634,6659,6689,6716,6739,6776,6812,6829,6840,6861,6886,6921,6964,6980,6988,7004,7017,7036,7048,7069,7092,7101,7134,7150,7150,7191,7213,7243,7251,7273,7295,7306,7345,7366,7415,7443,7474,7491,7491,7570,7619,7651,7693,7711,7747,7780,7780,7859,7917,7941,7947,7984,8004,8042,8081,8118,8168,8203,8230,8263,8313,8532,8592,8642,8642,8725,8725,8876,8963,9083,9137,9200,9269,9341
New Jersey,40.286440910952386,-74.62244971476191,0,0,0,0,0,0,0,0,0,0,0,0,0,0,0,0,0,0,0,0,0,0,0,0,0,0,0,0,0,0,0,0,0,0,0,0,0,0,0,0,0,0,0,2,2,4,5,5,15,23,29,49,69,72,176,250,397,633,798,1187,1693,2425,3030,3472,5398,6841,8646,10366,12789,15010,17743,20724,25087,30189,33684,37569,42209,46046,50031,53939,57227,60576,63381,67122,69841,74269,77748,80672,84716,88137,89314,94869,98917,101664,104966,108357,110370,113138,115647,118174,120607,123041,126103,127622,130043,131296,133991,135840,137397,138754,140206,140917,141471,142451,143984,144934,146504,148240,149356,150776,151586,152579,153140,153928,154866,155536,155930,157153,158396,159214,159943,160466,160975,161608,162104,162933,163503,163791,164212,164541,165135,165584,165972,166407,166685,166917,167285,167579,167958,168336,168685,169059,169362,169622,169800,169490,169883,170176,170531,170636,171025,171285,171684,172084,172354,172717,172916,173196,173383,173605,173961,174312,174633,174866,175271,175633,175865,175921,176148,176109,176313,176568,176963,177216,177670,178178,178656,179111,179615,180111,180324,181012,181373,181676,181942,182326,182687,183059,183408,183787,184127,184386,184815,185198,185655,186163,186669,187013,187341,187696,188049,188203,188489,188919,189175,189401,189711,190009,190312,190643,190983,191247,191592,191974,192291,192668,193115,193440,193750,194086,194360,194691,195106,195575,196031,196323,196655,197103,197472,198037,198534,198993,199432,199814,200254,200642,201207,201760,202514,203212,203768,204224,204946,205551,206287,207222,207828,208331,208989,209493,210790,211650,212515,213253,213724,214693,215640
New Mexico,34.54935897878787,-105.88710740909092,0,0,0,0,0,0,0,0,0,0,0,0,0,0,0,0,0,0,0,0,0,0,0,0,0,0,0,0,0,0,0,0,0,0,0,0,0,0,0,0,0,0,0,0,0,0,0,0,0,3,5,10,13,13,21,23,28,35,42,55,57,83,100,113,113,136,208,237,237,315,327,372,487,504,624,686,794,821,865,1081,1091,1245,1262,1345,1484,1484,1597,1798,1845,1971,1971,2210,2379,2521,2660,2726,2825,2974,3213,3411,3513,3732,3850,4031,4138,4291,4493,4673,4759,4844,5039,5163,5302,5437,5588,5767,5857,5991,6086,6307,6323,6476,6476,6755,6837,6925,7044,7155,7278,7401,7462,7575,7682,7773,7876,8067,8192,8332,8454,8493,8641,8740,8876,8961,9044,9137,9222,9316,9372,9502,9608,9702,9831,9969,10105,10306,10515,10726,10910,11082,11242,11368,11611,11852,12138,12331,12580,12799,13084,13317,13615,13838,14092,14355,14578,14904,15201,15517,15781,16016,16260,16562,16867,17199,17508,17807,18061,18349,18619,18888,19137,19349,19531,19751,19862,20072,20288,20488,20670,20813,21013,21142,21339,21512,21682,21855,21997,22103,22189,22268,22435,22637,22781,22786,23080,23153,23217,23414,23602,23723,23858,23963,24032,24139,24291,24491,24581,24727,24786,24823,24860,24945,25106,25238,25336,25434,25505,25582,25699,25857,26007,26151,26218,26322,26429,26614,26850,27113,27315,27466,27606,27778,28056,28280,28618,28914,29094,29248,29560,29984,30363,30843,31308,31548,31920,32270,32843
New York,42.5441513332258,-75.47418330774194,0,0,0,0,0,0,0,0,0,0,0,0,0,0,0,0,0,0,0,0,0,0,0,0,0,0,0,0,0,0,0,0,0,0,0,0,0,0,0,0,0,1,10,21,24,76,105,138,152,216,296,379,532,633,961,1407,2507,4203,7211,10410,15168,20777,25681,30841,37397,44701,52400,59648,66663,75853,83948,92506,102987,113833,123160,131815,139875,151061,161779,172348,181026,189033,195749,203020,214454,223691,230597,237403,243551,248631,253496,258427,263460,271590,282143,288045,291996,295106,299691,304372,308314,312977,316415,318953,321192,323978,327469,330407,333122,335395,337055,338485,340661,343051,345813,348232,350121,351371,352845,354370,356458,358154,359926,361515,362764,363836,364965,366733,368284,369660,370770,371711,373040,374085,375133,376208,377316,378097,378799,379482,380156,380892,381714,382630,383324,383944,384575,385142,385760,386556,387272,387936,388488,389085,389666,390415,391220,391923,392539,392930,393454,394079,394954,395872,396598,397131,397649,398237,398929,399513,400299,401029,401706,402263,403175,404006,404775,405551,406305,406807,407326,408181,408886,409697,410450,411200,411736,412344,412878,413593,414370,415014,415767,416298,416843,417589,418225,418928,419642,420345,420860,421336,422003,422703,423440,424167,424901,425508,425916,426571,427202,427803,428512,429165,429737,430145,430774,431340,432131,432767,433402,434100,434756,435510,436218,437107,437971,438772,439501,440021,440578,441154,441911,442791,443640,444365,444948,445714,446366,447262,448052,449038,449900,450473,451227,451892,452847,453755,454760,455626,456460,457649,458649,460031,461629,463360,464582,465515,466908,468268,470104,471696,473143,474286,475315,476708,477940
North Carolina,35.62420971000002,-79.50109873960002,0,0,0,0,0,0,0,0,0,0,0,0,0,0,0,0,0,0,0,0,0,0,0,0,0,0,0,0,0,0,0,0,0,0,0,0,0,0,0,0,1,1,1,1,2,2,2,7,7,9,17,22,32,33,39,62,104,152,208,287,325,423,544,661,791,963,1105,1234,1426,1578,1855,2093,2380,2635,2891,3153,3453,3700,3993,4230,4535,4839,5024,5195,5484,5877,6171,6524,6815,7033,7331,7728,8200,8634,8928,9338,9781,10144,10711,11120,11585,11929,12167,12483,12928,13541,14051,14516,15002,15274,15601,16025,16733,17527,18269,18754,19161,19684,20189,21014,21802,22750,23323,23876,24337,24952,25613,26749,27826,28736,29514,30153,30966,32198,33454,34771,35721,36834,37664,38528,39805,41435,42932,44295,45386,46348,47216,48595,50214,51710,53009,54129,55157,56442,57817,59437,61207,62736,64069,65331,67226,68830,70905,72368,73779,75216,76609,78207,80209,82222,84493,86492,88316,90397,92334,94365,96331,98698,100494,101815,103730,105565,108017,110269,112320,114127,115718,117767,119375,121739,123690,125678,127080,128450,130030,131257,133210,135076,136862,138227,139040,140375,141736,143513,145082,146679,148020,148906,150163,151542,153591,155580,157370,158889,160106,161601,162995,165156,167143,168682,170377,171487,172879,174221,176173,177877,179534,180695,181517,182334,183399,184649,186339,187841,188945,189768,191028,192394,194062,195610,197128,198266,199085,200287,201411,203166,204875,206549,207774,208566,209718,210543,210632,212898,214684,216886,217496,219728,221258,222969,225397,227431,229752,231470,232745,234481,236407
North Dakota,47.39350672792453,-100.2493934356604,0,0,0,0,0,0,0,0,0,0,0,0,0,0,0,0,0,0,0,0,0,0,0,0,0,0,0,0,0,0,0,0,0,0,0,0,0,0,0,0,0,0,0,0,0,0,0,0,0,0,1,1,1,1,1,3,6,19,26,28,28,30,36,45,51,68,94,98,109,122,142,159,173,186,207,225,237,251,269,278,293,308,331,341,365,393,393,528,585,627,644,679,709,748,803,867,942,991,1033,1067,1107,1153,1191,1225,1266,1323,1371,1425,1464,1491,1518,1571,1647,1712,1761,1848,1900,1931,1994,2095,2229,2317,2365,2418,2457,2422,2439,2481,2520,2554,2577,2625,2646,2679,2706,2745,2816,2861,2880,2901,2941,2980,3016,3058,3080,3101,3124,3166,3193,3226,3251,3288,3313,3320,3362,3393,3421,3458,3495,3539,3576,3615,3657,3722,3779,3816,3849,3898,3971,4071,4155,4243,4334,4442,4493,4565,4668,4792,4907,5019,5126,5207,5367,5493,5614,5736,5876,5986,6141,6227,6301,6469,6602,6660,6785,6933,7057,7177,7327,7508,7596,7713,7885,7970,8171,8322,8444,8587,8647,8782,8968,9242,9474,9736,9876,10000,10229,10467,10800,11110,11484,11702,11816,12000,12267,12629,12973,13334,13631,13801,13872,14110,14443,14684,15151,15577,15831,16064,16333,16723,17230,17607,17958,18244,18508,18981,19451,19885,20380,20724,20983,21401,21846,22218,22694,23134,23550,23862,24364,24857,25384,26039,26627,27264,27736,28244,28947
Northern Mariana Islands,15.0979,145.6739,0,0,0,0,0,0,0,0,0,0,0,0,0,0,0,0,0,0,0,0,0,0,0,0,0,0,0,0,0,0,0,0,0,0,0,0,0,0,0,0,0,0,0,0,0,0,0,0,0,0,0,0,0,0,0,0,0,0,0,0,0,0,0,0,0,0,0,0,0,2,6,6,8,8,8,8,8,11,11,11,11,11,11,11,13,13,13,14,14,14,14,14,14,14,14,14,14,14,14,14,14,14,14,14,14,15,15,15,16,16,19,19,19,19,19,21,21,21,21,21,22,22,22,22,22,22,22,22,22,22,22,22,23,24,26,26,26,27,28,30,30,30,30,30,30,30,30,30,30,30,30,30,30,30,30,30,30,30,30,30,30,30,31,31,31,31,31,31,31,31,31,33,33,33,36,36,37,37,37,37,38,38,38,38,38,40,40,40,40,42,42,42,44,45,46,46,46,47,47,48,48,49,49,49,49,50,50,50,54,54,54,54,54,54,54,54,54,54,54,54,56,56,56,57,57,57,57,58,58,59,59,59,59,59,60,60,61,61,61,62,62,68,68,69,69,69,69,69,70,70,70,70,70,73,73,73,73,75,75,75,75,75,77,77,77,77,77
Ohio,40.310669812954565,-82.83540800659091,0,0,0,0,0,0,0,0,0,0,0,0,0,0,0,0,0,0,0,0,0,0,0,0,0,0,0,0,0,0,0,0,0,0,0,0,0,0,0,0,0,0,0,0,0,0,0,0,3,4,5,12,26,30,50,67,89,119,173,247,356,443,567,704,868,1137,1406,1653,1933,2199,2547,2901,3312,3739,4043,4453,4782,5148,5512,5878,6250,6602,6975,7285,7794,8414,9107,10222,11602,12919,13725,14117,14694,15169,15587,15972,16325,16769,17303,18027,18743,19335,19914,20474,20969,21576,22131,23016,23697,24081,24777,25250,25721,26357,26954,27474,27923,28454,28952,29436,30167,30794,31408,31911,32477,33006,33439,33915,34566,35033,35513,35984,36350,36792,37282,37758,38111,38476,38837,39162,39575,40004,40424,40851,41148,41576,42010,42422,43122,43731,44261,44808,45537,46127,46759,47651,48638,49455,50309,51046,51789,52865,52865,55257,56183,57150,57956,58904,60181,61331,62856,64214,65592,66853,67995,69311,70601,72280,73821,74932,76168,77215,78742,80186,81746,83184,84073,85177,86497,87893,89626,91159,92087,93031,93963,95106,96305,97471,98675,99969,100848,101731,102826,104248,105426,106557,107674,108287,109062,109910,110881,112003,113046,114165,114802,115651,116495,117584,118828,120124,121320,122260,123155,124606,125767,127112,128444,129785,130558,131336,131992,132965,134086,135326,136568,137405,138484,139485,140518,141585,142596,143547,144309,145165,145850,146753,147744,148894,150009,150809,151802,152907,153987,155314,156809,157966,158907,159964,161299,162723,164262,166102,167458,168749,170179,171626,173665
Oklahoma,35.50191442597403,-97.2513995677922,0,0,0,0,0,0,0,0,0,0,0,0,0,0,0,0,0,0,0,0,0,0,0,0,0,0,0,0,0,0,0,0,0,0,0,0,0,0,0,0,0,0,0,0,0,1,1,1,2,2,3,3,4,4,10,17,17,44,49,53,67,81,106,164,248,322,377,429,481,566,719,879,988,1159,1252,1327,1472,1524,1684,1794,1868,1970,2069,2184,2263,2357,2357,2357,2567,2680,2807,2894,3017,3121,3194,3254,3281,3410,3473,3618,3748,3851,3972,4044,4127,4202,4330,4424,4490,4589,4613,4731,4857,4962,5086,5237,5310,5398,5489,5532,5680,5849,5960,6037,6090,6138,6229,6273,6338,6418,6418,6530,6692,6805,6907,7007,7059,7150,7205,7363,7483,7626,7849,8073,8231,8417,8645,8904,9355,9707,10038,10516,10734,11031,11510,11948,12347,12646,12947,13175,13757,14119,14531,15069,15648,15931,16362,17220,17894,18497,19092,19779,20235,20746,21740,22814,23440,24140,25057,25266,25436,26326,27298,27969,29116,30081,31285,32528,33757,34605,35710,36456,37706,38201,38586,39452,40555,41395,42234,43070,43561,43962,44725,45392,46101,46893,47794,48335,48709,49311,49916,50652,51729,52588,53159,53511,54165,54830,55532,56239,57250,58016,58651,59338,60103,60987,61986,63142,63566,64180,65008,65874,66684,67625,68614,69307,70176,71258,72228,73257,74516,75734,76737,77833,79014,80107,81193,82458,83460,84282,85143,86196,87170,88358,89543,90718,90718,91943,93304,94316,95539,97055,98582,99364,100152,101472,102589
Oregon,44.49240067472221,-121.47691959722222,0,0,0,0,0,0,0,0,0,0,0,0,0,0,0,0,0,0,0,0,0,0,0,0,0,0,0,0,0,0,0,0,0,0,0,0,0,0,1,1,3,3,3,3,3,6,14,14,14,19,24,30,36,36,39,66,75,88,114,137,161,191,210,266,316,416,479,548,606,690,736,826,899,899,1068,1068,1132,1181,1321,1322,1371,1526,1584,1633,1663,1736,1785,1844,1910,1957,2004,2059,2127,2177,2253,2311,2354,2385,2446,2510,2579,2635,2680,2759,2839,2916,2989,3068,3160,3228,3286,3358,3416,3479,3541,3612,3623,3687,3726,3801,3817,3864,3888,3927,3949,3967,4038,4086,4131,4185,4243,4302,4335,4399,4474,4570,4570,4662,4922,4988,5060,5237,5377,5377,5636,5820,6098,6218,6366,6572,6750,6937,7083,7274,7444,7568,7818,8094,8341,8485,8656,8931,9294,9636,9930,10230,10395,10605,10817,11188,11454,11851,12170,12438,12805,13081,13509,13802,14149,14579,14847,15139,15393,15713,16104,16492,16758,17088,17408,17721,18131,18492,18817,19097,19366,19699,19978,20224,20635,21010,21272,21488,21774,22022,22300,22613,23018,23262,23451,23676,23870,24165,24421,24710,24937,25155,25391,25571,25761,26054,26293,26554,26713,26946,27075,27336,27601,27856,28044,28190,28356,28471,28654,28865,29156,29337,29337,29662,29850,30060,30342,30599,30801,30995,31313,31503,31865,32314,32581,32820,32994,33291,33509,33862,34163,34511,34770,35049,35339,35634,36116,36526,36924,37255,37467,37780,38160
Pennsylvania,40.81807835477611,-77.61531783850747,0,0,0,0,0,0,0,0,0,0,0,0,0,0,0,0,0,0,0,0,0,0,0,0,0,0,0,0,0,0,0,0,0,0,0,0,0,0,0,0,0,0,0,0,2,2,6,7,12,16,22,41,47,47,79,112,155,206,311,399,509,698,946,1260,1795,2345,2845,3432,4155,4963,6009,7268,8570,10444,11589,13127,14853,16631,18300,20051,21719,22938,24292,25465,26753,28258,29888,31652,32902,33914,35249,36082,38379,40208,41153,42616,43558,45137,46327,47971,49579,50494,51225,52816,53864,54800,55956,57371,58560,59939,60459,61310,62101,63105,64136,65185,65700,66669,67311,68126,69252,70211,71009,71563,71925,72778,73557,74220,74984,75697,76129,76646,77225,77780,78335,78815,79505,79908,80339,80870,81316,81848,82481,82944,83203,83589,83978,84289,84683,85199,85590,85935,86576,87208,87685,88141,88860,89446,89863,90467,91139,91775,92612,93392,93922,94403,95100,95898,96725,97542,98482,99216,99794,100330,101266,102269,103075,104079,104780,105384,106405,107460,108223,109105,110292,111115,111745,112995,114083,114939,115807,116787,117468,118033,118894,119724,120446,121247,122028,122665,123312,124221,125016,125918,126905,127732,128531,129070,129647,130247,130905,131692,132417,133160,133679,134204,134760,135279,135912,136781,137576,138134,138795,139548,140532,141570,142495,143280,143824,144540,145156,146029,146696,147703,148635,149184,150000,151044,151850,152775,153522,154236,154867,155693,156477,157336,158181,159014,159933,160744,161594,163180,164099,165044,166238,166238,168126,169101,170224,171527,172948,174329,175797,176781,177819,179651,180935
Puerto Rico,18.239787564102564,-66.40743844871794,0,0,0,0,0,0,0,0,0,0,0,0,0,0,0,0,0,0,0,0,0,0,0,0,0,0,0,0,0,0,0,0,0,0,0,0,0,0,0,0,0,0,0,0,0,0,0,0,0,0,0,0,0,0,0,0,0,0,0,0,0,0,0,0,0,0,0,0,0,0,0,0,0,0,0,0,0,0,0,0,0,0,0,0,0,0,0,0,0,0,0,0,0,0,0,0,0,0,0,0,0,0,0,0,0,1828,1891,2003,2020,2071,2125,2165,2192,2280,2385,2433,2487,2542,2633,2714,2771,2885,2979,3056,3153,3214,3282,3372,3529,3597,3654,3749,3802,3888,4364,4481,4764,4869,4927,5060,5208,5230,5369,5480,5577,5631,5681,5719,5781,5853,6044,6091,6122,6131,6260,6582,6620,6759,6852,6930,7112,7186,7312,7415,7513,7615,8153,8259,8312,8466,8754,8955,9206,9561,9656,9902,10065,10498,10784,11321,11671,12113,12240,12693,13140,13707,14250,14504,14871,15075,15582,15811,16802,17269,17632,18125,18502,18817,19568,20258,20956,21617,22205,22841,23254,23949,24496,24808,25486,26312,26568,26838,27543,28229,28600,29242,29337,29438,30054,30660,31237,31554,31879,32085,32647,32902,32958,33201,33278,34077,34205,34208,34954,35306,35811,36114,36480,36895,37032,37623,38379,39660,40504,41124,41244,41345,42510,43579,44103,44993,46078,47074,47330,47678,48404,48981,49279,49879,50298,50329,50839,51422,51853,52143,52677,52974,53882
Rhode Island,41.655142106,-71.464105098,0,0,0,0,0,0,0,0,0,0,0,0,0,0,0,0,0,0,0,0,0,0,0,0,0,0,0,0,0,0,0,0,0,0,0,0,0,0,0,1,2,2,2,2,2,3,3,3,3,5,3,3,20,20,21,23,33,44,44,54,75,101,101,101,132,132,132,237,237,304,406,565,565,565,684,750,876,1176,1176,1319,1700,1700,1700,1700,2495,2627,3387,3345,3676,4229,4500,4946,5250,5567,5931,6330,6548,6660,7182,7534,7858,8147,8391,8519,8519,8519,8519,8519,8519,8519,10292,10416,10789,10789,10789,10789,10789,10789,10789,11800,12018,12208,12448,12547,12547,12547,12857,12961,13071,13071,13071,13071,13071,13071,13071,13071,13071,13071,14077,14077,14077,14077,14077,14077,14077,14524,14524,14524,14524,14524,14524,14524,14945,14945,14945,14945,14945,14945,14945,15229,15229,15229,15229,15503,15503,15503,15503,15503,15503,15503,15503,15503,15503,15503,15503,16202,16202,16202,16202,16202,16202,16202,16613,16613,16613,16613,16613,16613,16613,17244,17244,17244,17244,17244,17244,17244,17860,17860,17860,17860,17860,17860,17860,18536,18536,18536,18536,18536,18536,18536,19133,19133,19133,19133,19133,19133,19133,19809,19809,19809,19809,19809,19809,19809,20350,20350,20350,20350,20350,20350,20350,20824,20824,20824,20824,20824,20824,20824,21374,21374,21374,21374,21374,21374,21374,22029,22029,22029,22029,22029,22029,22029,22693,22693,22693,22693,22693,22693,22693,23584,23584,23584,23584,23584,23584,23584,24746
South Carolina,33.957472131086966,-80.9833996921739,0,0,0,0,0,0,0,0,0,0,0,0,0,0,0,0,0,0,0,0,0,0,0,0,0,0,0,0,0,0,0,0,0,0,0,0,0,0,0,0,0,0,0,0,0,2,2,3,7,10,7,8,19,19,30,47,60,80,126,174,196,298,342,424,424,542,660,774,925,1083,1293,1554,1700,1917,2049,2232,2417,2417,2793,3067,3211,3320,3391,3553,3656,3931,4099,4248,4377,4446,4439,4761,4917,5070,5253,5498,5613,5735,5882,6095,6258,6489,6626,6757,6841,6936,7142,7367,7531,7653,7792,7927,8030,8189,8407,8661,8816,8942,9056,9175,9381,9638,9895,10096,10178,10416,10623,10788,11131,11394,11861,12148,12419,12470,12526,13458,13538,14302,14800,15228,15759,16441,17170,17955,18795,19378,19990,20551,21533,22608,23756,24661,25666,26572,27897,29022,30335,31939,33320,34644,36399,37919,39701,41532,43386,44847,46380,47352,48909,50691,52419,54699,56648,58168,60389,62245,64083,66060,67612,69986,71445,73337,75042,76606,78607,80008,81199,82417,84109,85846,87572,89016,90599,91788,92951,94190,95472,96797,98219,99460,100435,101159,102130,102974,103909,104841,105882,106497,106953,107672,108411,109320,110378,111295,111988,112551,113488,114093,114598,115951,117249,118324,118992,119846,120503,121696,123325,124289,124952,125607,125908,126213,126592,129046,129978,131864,132680,133470,134122,135446,136318,137240,137708,138124,140789,141686,142707,143902,145273,145887,146455,147634,147942,148323,149185,150891,151582,152159,152970,153705,154755,155676,156621,157406,158055,158883,159809
South Dakota,44.27269492727272,-99.31063618348485,0,0,0,0,0,0,0,0,0,0,0,0,0,0,0,0,0,0,0,0,0,0,0,0,0,0,0,0,0,0,0,0,0,0,0,0,0,0,0,0,0,0,0,0,0,0,0,0,0,8,7,8,8,8,10,11,11,14,14,14,21,28,30,41,46,58,68,90,101,108,129,165,187,212,240,288,320,393,447,536,626,730,868,988,1168,1311,1411,1542,1635,1685,1755,1858,1956,2040,2147,2212,2244,2313,2373,2449,2525,2588,2631,2668,2721,2780,2906,3145,3393,3517,3614,3663,3732,3792,3887,3959,3987,4027,4085,4177,4177,4356,4464,4563,4586,4652,4709,4793,4866,4960,4993,5034,5067,5162,5247,5277,5367,5438,5471,5523,5604,5665,5742,5833,5898,5928,5966,6050,6109,6158,6225,6297,6326,6353,6419,6479,6535,6626,6681,6716,6764,6826,6893,6978,7028,7063,7105,7163,7242,7336,7401,7454,7499,7524,7572,7652,7694,7789,7862,7906,7943,8019,8077,8143,8200,8305,8395,8444,8492,8641,8685,8764,8867,8955,9020,9079,9168,9273,9371,9477,9605,9663,9713,9815,9897,10024,10118,10274,10360,10441,10566,10691,10884,11135,11276,11425,11505,11571,12194,12517,12942,13322,13509,13749,14003,14337,14596,14889,15109,15300,15403,15571,15834,16117,16437,16638,16801,16994,17291,17686,18075,18444,18696,18869,19189,19634,20097,20554,21133,21541,21738,21997,22389,23136,23522,23986,24418,24598,24876,25906,26441,27215,27947,28564,28925,29339,30215
Tennessee,35.88510221221052,-86.10872298863156,0,0,0,0,0,0,0,0,0,0,0,0,0,0,0,0,0,0,0,0,0,0,0,0,0,0,0,0,0,0,0,0,0,0,0,0,0,0,0,0,0,0,0,1,1,1,3,3,3,9,18,26,32,32,52,74,100,132,180,304,393,471,639,735,868,1005,1202,1380,1570,1894,2248,2764,2826,3041,3282,3443,3790,4050,4321,4594,4837,5220,5304,5431,5431,5726,5804,6293,6708,6908,7093,7093,7959,8449,8834,9298,9586,9766,10090,10448,11600,12273,12748,13091,13245,13518,13686,14040,14369,14576,15111,15492,15924,16359,16620,16923,17019,17541,17942,17942,18555,18980,19371,19697,20121,20481,20871,21233,21617,22056,22056,22056,23755,24246,24603,25077,25590,25906,26418,26948,27303,27735,28513,28934,29728,30389,31136,31499,32155,33247,33709,34246,34696,35513,36360,37157,38371,39160,39160,41003,42188,43846,45365,47066,48341,49496,50206,51688,53926,55498,57213,58712,59654,62537,64000,66231,68631,70784,73186,74775,76233,78384,79442,81921,83941,85727,88464,90951,93378,95203,97313,100257,102567,103880,104899,106695,108377,110483,112860,114597,116627,117825,118846,120365,122336,124343,125693,127438,128556,129631,131628,133073,134682,136028,137706,138382,139207,141097,142887,144482,145966,146761,148555,149926,151501,153310,154418,156126,157794,158734,159357,160166,163027,164637,165690,166520,168800,169804,171625,172669,174841,175825,177689,178505,179289,180926,181808,183663,185046,186967,187688,188590,190117,191359,192314,193531,195044,197323,198941,200916,202843,204548,206254,208112,210781,211963,213753
Texas,31.660643442283458,-98.65306860334638,0,0,0,0,0,0,0,0,0,0,0,0,0,0,0,0,0,0,0,0,0,0,0,0,0,0,0,0,0,0,0,0,0,0,0,0,0,0,0,0,0,0,0,3,4,8,11,13,16,21,27,44,60,63,85,110,196,303,426,539,643,758,955,1229,1563,1937,2455,2792,3147,3809,4355,5069,5734,6567,7209,8043,8925,9777,11208,12105,13023,13677,14275,15006,15907,16876,17849,18704,19260,19751,20664,21321,22650,23642,24153,24967,25412,26357,27369,28727,29692,30917,31998,32783,33912,34928,36036,37246,38394,39258,40555,41668,43020,44480,45721,47452,48396,49177,50552,51859,53053,53539,54776,55861,56409,57230,58542,60395,60901,62894,64652,65593,67310,68877,70555,72548,74470,75408,76463,78208,80777,82658,84927,86915,88523,90211,93569,97699,101259,105394,109581,112944,117790,122932,128132,134558,140173,145894,150722,156706,163060,172368,179137,186799,193958,197421,205642,216026,224929,236541,245920,254415,262762,269778,279577,290892,305854,317768,327106,335257,343783,351071,363615,373037,380364,390286,394084,400336,408493,418995,428229,438293,444738,448145,456624,466032,476999,483920,491304,497632,503328,509581,517700,523977,530857,539673,546552,555394,561110,568812,574633,579892,585562,589279,594035,598262,604328,610648,614549,619354,626751,629570,632739,637721,641855,645422,651350,655815,658202,659041,662427,667500,669141,674943,677625,681885,685748,692753,696807,701350,704563,707940,713007,734778,741363,742913,747366,751068,754311,758756,761198,767264,773019,776736,782306,787425,790194,794319,798569,803690,807754,812191,815915,818426,821110,826816,832736
Utah,39.67288532228572,-111.55771266857143,0,0,0,0,0,0,0,0,0,0,0,0,0,0,0,0,0,0,0,0,0,0,0,0,0,0,0,0,0,0,0,0,0,0,0,0,0,0,0,0,0,0,0,0,0,1,1,1,2,3,3,7,8,18,28,39,47,62,95,118,162,244,285,326,382,458,588,706,779,866,866,1064,1248,1428,1599,1678,1739,1848,1856,2103,2207,2299,2363,2417,2548,2683,2793,2917,3069,3213,3297,3445,3612,3782,3948,4123,4236,4345,4497,4672,4828,4985,5175,5317,5449,5595,5724,5919,6103,6251,6362,6432,6620,6749,6913,7068,7238,7384,7518,7710,7874,8057,8260,8392,8521,8620,8706,8921,9264,9533,9797,9999,10202,10497,10813,11252,11798,12066,12322,12559,12864,13252,13577,13981,14313,14608,14937,15344,15839,16425,17068,17462,17906,18300,18784,19374,20050,20628,21100,21664,22217,22716,23270,23866,24542,24952,25469,26033,26755,27356,28223,28855,29484,30030,30478,30891,31845,32572,33332,34117,34526,35012,35578,36099,36962,37623,37973,38409,38855,39194,39696,40196,40702,41175,41529,41907,42328,42915,43375,43751,44127,44390,44752,45090,45424,45976,46321,46652,46894,47157,47521,47982,48445,48814,49115,49364,49767,50174,50557,50948,51406,51854,52107,52403,52822,53326,53839,54272,54660,55033,55359,55673,56019,56675,57247,57875,58438,59000,59747,60658,61775,62852,63772,64394,65044,65921,67119,68530,69547,70615,71442,72136,73042,74050,75157,76225,77618,78723,79439,80446,81947,83290,84644,85844,86832,87819,88963
Vermont,44.159495798571434,-72.68438070571429,0,0,0,0,0,0,0,0,0,0,0,0,0,0,0,0,0,0,0,0,0,0,0,0,0,0,0,0,0,0,0,0,0,0,0,0,0,0,0,0,0,0,0,0,0,0,1,1,1,1,2,2,5,5,12,12,13,13,18,49,52,75,95,123,150,178,204,228,228,282,307,333,383,450,499,522,572,572,620,620,700,720,740,713,744,759,769,793,803,805,815,820,822,824,838,846,852,859,859,863,876,883,893,898,903,904,912,915,917,923,922,923,925,928,929,930,935,935,938,937,945,947,949,951,957,962,965,969,970,972,976,978,983,985,1021,1022,1041,1058,1070,1079,1090,1105,1114,1120,1121,1123,1126,1125,1130,1139,1142,1154,1158,1159,1179,1186,1193,1195,1196,1202,1202,1204,1222,1231,1233,1244,1246,1249,1251,1267,1272,1278,1291,1296,1300,1313,1320,1329,1332,1341,1350,1359,1359,1370,1378,1389,1393,1395,1398,1399,1400,1407,1413,1418,1419,1423,1428,1437,1440,1446,1451,1454,1464,1470,1476,1493,1501,1507,1519,1522,1525,1529,1533,1545,1549,1558,1564,1569,1578,1581,1597,1608,1616,1627,1629,1629,1634,1638,1640,1643,1646,1648,1653,1660,1669,1676,1688,1694,1694,1697,1698,1702,1707,1711,1713,1714,1716,1723,1731,1734,1737,1741,1744,1747,1760,1770,1777,1809,1813,1819,1830,1838,1849,1860,1868,1878,1881
Virgin Islands,18.3358,-64.8963,0,0,0,0,0,0,0,0,0,0,0,0,0,0,0,0,0,0,0,0,0,0,0,0,0,0,0,0,0,0,0,0,0,0,0,0,0,0,0,0,0,0,0,0,0,0,0,0,0,0,0,0,0,0,1,2,2,3,3,6,6,7,17,17,17,19,22,23,30,30,30,30,37,40,42,43,43,45,45,50,51,51,51,51,51,51,51,53,53,53,53,54,54,54,55,57,57,57,57,66,66,66,66,66,66,66,66,68,68,69,69,69,69,69,69,69,69,69,69,69,69,69,69,69,69,69,69,69,69,69,69,70,70,70,71,71,71,71,71,71,72,72,72,72,72,72,72,73,73,73,73,76,76,76,76,80,81,81,81,81,81,90,92,98,111,111,112,116,122,144,153,167,181,206,206,243,249,263,283,283,304,304,320,336,352,352,352,364,375,385,385,406,421,421,439,463,481,501,522,528,528,547,576,639,682,704,734,741,760,796,828,869,932,960,980,984,998,1030,1052,1075,1118,1129,1134,1143,1144,1150,1150,1167,1181,1190,1191,1197,1201,1201,1211,1220,1221,1232,1232,1238,1257,1257,1269,1269,1278,1290,1290,1296,1317,1317,1318,1318,1318,1326,1326,1327,1327,1322,1321,1322,1324,1324,1325,1325,1325,1328,1328
Virginia,37.56615032526316,-78.51371173503755,0,0,0,0,0,0,0,0,0,0,0,0,0,0,0,0,0,0,0,0,0,0,0,0,0,0,0,0,0,0,0,0,0,0,0,0,0,0,0,0,0,0,0,0,0,0,2,2,8,9,12,26,37,37,49,67,79,102,123,157,220,254,293,396,466,607,740,890,1020,1249,1483,1706,2012,2407,2637,2878,3335,3645,4042,4509,5077,5274,5747,6182,6500,6889,7491,8053,8542,8990,9630,10266,10998,11594,12366,12970,13538,14339,14962,15847,16902,17738,18672,19493,20257,20985,21570,22342,23196,24081,25070,25800,26746,27813,28672,29683,30388,31140,32145,32908,34137,34950,35749,36244,37727,39342,40249,41401,42533,43611,44607,45398,46239,46905,47856,48532,49397,50681,51251,51738,52177,52647,53211,53869,54506,54886,55331,55775,56238,56793,57443,57994,58465,58994,59514,59946,60570,61247,61736,62189,62787,63203,63735,64393,65109,65748,66102,66740,67375,67988,68931,69782,70670,71642,72443,73527,74431,75433,76373,77430,78375,79371,80393,81237,82364,83609,84567,86072,86994,87993,88904,89888,90801,91782,93106,94251,95049,95867,97882,99189,100086,100749,101745,102521,103622,104838,105750,106687,107421,108282,109019,109879,110857,112068,112960,113623,114626,115448,116569,117578,118794,119729,120575,121593,122518,123637,124738,125681,126877,127516,128350,129229,130460,131571,132868,133742,134493,135428,136269,137367,138605,139546,140395,141022,141884,142459,143357,144294,145267,146001,146444,147345,148092,148536,149490,150583,151642,152322,152945,153451,155270,156372,157609,158409,159248,160447,161236
Washington,47.23378642,-120.71922041538463,1,1,1,1,1,1,1,1,1,1,1,1,1,1,1,1,1,1,1,1,1,1,1,1,1,1,1,1,1,1,1,1,1,1,1,1,1,1,7,11,18,27,39,70,78,102,122,122,162,282,406,503,603,603,779,955,1022,1223,1394,1647,1833,2076,2216,2540,3138,3410,4030,4340,4649,5158,5305,6045,6345,6764,7292,7663,8015,8361,8801,9211,9586,9877,10016,10315,10559,10785,11183,11332,11819,11955,12233,12437,12619,12877,13182,13398,13583,13763,13994,14267,14560,14903,15122,15410,15557,15844,16178,16319,16618,16851,17084,17273,17439,17663,17826,18176,18332,18557,18759,18923,19051,19206,19206,19756,20003,20133,20355,20711,21013,21288,21634,21902,22130,22456,22692,22974,23417,23697,24012,24329,24329,24759,25137,25505,25786,26067,26484,26759,27145,27576,28163,28650,28834,29350,29826,30318,30806,31351,31701,32144,32746,33264,34063,34661,35162,35758,36799,37304,37804,38436,39099,39099,40519,41586,42161,42919,44113,44982,45943,46831,47629,48396,49101,49841,50682,51686,52465,53148,54053,54834,55617,55617,57323,58014,58527,59212,59894,60723,61419,62331,62864,63445,63942,64498,65129,65922,66635,67208,67497,68040,68475,69166,69537,70338,70761,71125,71456,71904,72448,73049,73612,74039,74367,74666,75092,75569,76045,76541,76922,77239,77239,77710,78167,78724,79187,79539,79850,80182,80518,80902,81313,81907,82249,82431,82903,83410,83946,84931,85521,85968,86338,86733,87220,87786,88505,89091,89542,89944,90347,90887,91591,92230,92691,92691,92691,94430,95135
West Virginia,38.81425370672727,-80.6174545132727,0,0,0,0,0,0,0,0,0,0,0,0,0,0,0,0,0,0,0,0,0,0,0,0,0,0,0,0,0,0,0,0,0,0,0,0,0,0,0,0,0,0,0,0,0,0,0,0,0,0,0,0,0,0,0,0,1,2,8,12,16,16,22,39,52,76,96,113,145,162,191,216,237,282,324,345,412,462,514,574,577,593,611,640,702,728,775,785,890,902,908,939,981,1010,1010,1055,1063,1095,1110,1125,1152,1185,1195,1224,1246,1242,1287,1323,1323,1360,1366,1378,1398,1427,1447,1470,1492,1502,1502,1567,1593,1668,1668,1759,1774,1774,1899,1934,1951,1989,2010,2028,2056,2077,2102,2119,2136,2144,2161,2169,2194,2217,2249,2274,2290,2321,2340,2376,2418,2468,2500,2533,2551,2591,2629,2694,2730,2782,2832,2870,2900,2979,3053,3126,3205,3262,3442,3505,3707,3826,3983,4146,4244,4313,4407,4557,4657,4783,4894,4990,5084,5172,5212,5452,5653,5775,5889,5999,6120,6277,6375,6579,6738,6858,6978,7059,7162,7278,7452,7563,7695,7757,7879,8018,8163,8277,8462,8567,8641,8738,8807,8987,9077,9185,9273,9315,9399,9544,9633,9826,9970,10109,10249,10513,10658,10855,11042,11293,11418,11575,11662,11814,12016,12177,12528,12705,12830,12986,13202,13434,13685,13889,14062,14181,14394,14515,14719,14962,15167,15351,15516,15693,15850,16026,16307,16481,16635,16749,16942,17150,17333,17707,17927,18132,18281,18557,18823
Wisconsin,44.395143494861124,-89.79797998097222,0,0,0,0,0,0,0,0,0,0,0,0,0,0,0,0,0,0,0,0,0,0,0,0,0,0,0,0,0,0,0,0,0,0,0,0,0,0,0,0,0,0,0,0,0,0,0,0,3,4,8,19,27,28,48,73,111,159,219,282,381,425,481,621,728,865,1055,1164,1230,1412,1556,1748,2012,2030,2320,2449,2578,2710,2886,3068,3213,3341,3428,3554,3720,3875,4053,4199,4346,4499,4625,4845,5052,5356,5687,5912,6081,6289,6520,6854,7314,7660,7964,8236,8566,8901,9215,9590,9939,10219,10418,10611,10902,11275,11685,12187,12543,12687,12885,13413,13885,14396,14877,15277,15584,15863,16462,16974,17707,18230,18403,18543,18917,19400,19892,20249,20571,20835,21038,21308,21593,21926,22246,22518,22758,22932,23198,23456,23876,24154,24539,24819,25068,25331,25763,26227,26747,27286,27743,28058,28659,29199,29738,30317,31055,31577,32061,32556,33154,33908,34753,35679,36448,36942,37906,38727,39627,40507,41485,42315,43018,44135,44847,45899,46917,47870,48827,49417,50179,51049,52108,52940,54002,54924,55328,56056,56940,57779,58768,59933,60554,61061,61785,62263,63206,64227,65056,65741,66196,66196,67493,68233,69059,70009,70462,70854,71492,72260,73138,73981,74800,75337,75603,76584,77129,77856,79354,80300,81193,81760,82477,83334,84881,86250,87603,89185,89956,91304,92712,94746,97279,99562,101227,102498,104170,105932,108324,110828,113645,115862,117588,119955,122274,125161,127906,130798,132663,134359,136379,138698,141830,144818,147560,150236,152192,155471,158578
Wyoming,43.086885505217396,-107.15324220434782,0,0,0,0,0,0,0,0,0,0,0,0,0,0,0,0,0,0,0,0,0,0,0,0,0,0,0,0,0,0,0,0,0,0,0,0,0,0,0,0,0,0,0,0,0,0,0,0,0,0,1,1,2,2,2,11,16,18,21,23,26,26,29,44,53,70,82,86,94,109,130,150,162,187,197,210,216,221,230,239,261,270,275,282,287,296,305,309,313,317,443,447,453,473,491,502,520,536,545,559,566,579,586,596,604,631,635,644,653,662,669,675,688,701,716,741,754,766,776,787,801,803,813,838,843,850,860,876,891,898,903,910,912,915,921,933,939,947,960,970,980,1009,1027,1050,1060,1079,1089,1114,1144,1173,1179,1197,1230,1254,1282,1326,1368,1392,1417,1450,1487,1514,1550,1582,1606,1634,1675,1709,1740,1769,1790,1839,1862,1903,1950,1985,2026,2069,2108,2126,2187,2238,2288,2347,2405,2445,2475,2520,2589,2628,2686,2726,2769,2808,2848,2884,2923,2953,3000,3015,3050,3042,3073,3086,3119,3183,3227,3286,3331,3360,3431,3457,3524,3543,3578,3603,3632,3680,3680,3750,3722,3756,3777,3801,3911,3941,3990,3990,4032,4032,4105,4152,4199,4264,4297,4344,4392,4438,4566,4652,4746,4780,4871,4944,5016,5169,5305,5420,5465,5633,5754,5821,5948,6083,6214,6365,6504,6629,6770,6899,7092,7325,7455,7611,7802,7964,8177
